player_id,player,known_name,team,fpl_team_logo_url,position,season,fpl_minutes,fpl_goals,fpl_assists,fpl_clean_sheets,fpl_goals_conceded,fpl_saves,fpl_price_gbp,photo_url,tm_player_id,date_of_birth,market_value_gbp,val_club_id,val_club_name,transfermarkt_club_id
1,David Raya Martín,Raya,Arsenal,https://resources.premierleague.com/premierleague/badges/70/t3.png,Goalkeeper,2026-27,450,0,0,3,4,9,6100000,https://resources.premierleague.com/premierleague/photos/players/110x140/p154561.png,262749.0,1995-09-15,25800000.0,11,Arsenal FC,11
2,Kepa Arrizabalaga Revuelta,Arrizabalaga,Arsenal,https://resources.premierleague.com/premierleague/badges/70/t3.png,Goalkeeper,2026-27,0,0,0,0,0,0,4900000,https://resources.premierleague.com/premierleague/photos/players/110x140/p109745.png,192279.0,1994-10-03,4300000.0,11,Arsenal FC,11
3,Illan Meslier,Meslier,Arsenal,https://resources.premierleague.com/premierleague/badges/70/t3.png,Goalkeeper,2026-27,0,0,0,0,0,0,4900000,https://resources.premierleague.com/premierleague/photos/players/110x140/p437495.png,542586.0,2000-03-02,6880000.0,399,Leeds United,399
4,Gabriel dos Santos Magalhães,Gabriel,Arsenal,https://resources.premierleague.com/premierleague/badges/70/t3.png,Defender,2026-27,450,0,0,3,4,0,8000000,https://resources.premierleague.com/premierleague/photos/players/110x140/p226597.png,655488.0,2001-06-18,38700000.0,11,Arsenal FC,11
5,Jurriën Timber,J.Timber,Arsenal,https://resources.premierleague.com/premierleague/badges/70/t3.png,Defender,2026-27,104,0,0,0,3,0,6500000,https://resources.premierleague.com/premierleague/photos/players/110x140/p445122.png,420243.0,2001-06-17,60200000.0,11,Arsenal FC,11
6,William Saliba,Saliba,Arsenal,https://resources.premierleague.com/premierleague/badges/70/t3.png,Defender,2026-27,0,0,0,0,0,0,5900000,https://resources.premierleague.com/premierleague/photos/players/110x140/p462424.png,495666.0,2001-03-24,86000000.0,11,Arsenal FC,11
7,Myles Lewis-Skelly,Lewis-Skelly,Arsenal,https://resources.premierleague.com/premierleague/badges/70/t3.png,Midfielder,2026-27,271,0,0,2,1,0,5400000,https://resources.premierleague.com/premierleague/photos/players/110x140/p499169.png,890721.0,2006-09-26,38700000.0,11,Arsenal FC,11
8,Riccardo Calafiori,Calafiori,Arsenal,https://resources.premierleague.com/premierleague/badges/70/t3.png,Defender,2026-27,416,0,2,3,4,0,5800000,https://resources.premierleague.com/premierleague/photos/players/110x140/p466075.png,502821.0,2002-05-19,47300000.0,11,Arsenal FC,11
9,Piero Hincapié,Hincapie,Arsenal,https://resources.premierleague.com/premierleague/badges/70/t3.png,Defender,2026-27,32,0,0,0,0,0,5200000,,659813.0,2002-01-09,43000000.0,11,Arsenal FC,11
10,Benjamin White,White,Arsenal,https://resources.premierleague.com/premierleague/badges/70/t3.png,Defender,2026-27,315,0,1,2,1,0,5500000,https://resources.premierleague.com/premierleague/photos/players/110x140/p198869.png,335721.0,1997-10-08,25800000.0,11,Arsenal FC,11
11,Cristhian Mosquera,Mosquera,Arsenal,https://resources.premierleague.com/premierleague/badges/70/t3.png,Defender,2026-27,168,0,0,2,0,0,5300000,,646750.0,2004-06-27,34400000.0,11,Arsenal FC,11
12,Bukayo Saka,Saka,Arsenal,https://resources.premierleague.com/premierleague/badges/70/t3.png,Midfielder,2026-27,416,3,0,3,4,0,9500000,https://resources.premierleague.com/premierleague/photos/players/110x140/p223340.png,433177.0,2001-09-05,94600000.0,11,Arsenal FC,11
13,Declan Rice,Rice,Arsenal,https://resources.premierleague.com/premierleague/badges/70/t3.png,Midfielder,2026-27,411,0,2,3,4,0,7400000,https://resources.premierleague.com/premierleague/photos/players/110x140/p204480.png,357662.0,1999-01-14,103200000.0,11,Arsenal FC,11
14,Eberechi Eze,Eze,Arsenal,https://resources.premierleague.com/premierleague/badges/70/t3.png,Midfielder,2026-27,85,0,0,0,0,0,6300000,https://resources.premierleague.com/premierleague/photos/players/110x140/p232413.png,479999.0,1998-06-29,55900000.0,11,Arsenal FC,11
15,Martin Ødegaard,Ødegaard,Arsenal,https://resources.premierleague.com/premierleague/badges/70/t3.png,Midfielder,2026-27,377,2,0,3,4,0,6800000,https://resources.premierleague.com/premierleague/photos/players/110x140/p184029.png,316264.0,1998-12-17,55900000.0,11,Arsenal FC,11
16,Noni Madueke,Madueke,Arsenal,https://resources.premierleague.com/premierleague/badges/70/t3.png,Midfielder,2026-27,23,0,0,0,0,0,6200000,https://resources.premierleague.com/premierleague/photos/players/110x140/p248857.png,503987.0,2002-03-10,43000000.0,11,Arsenal FC,11
17,Mikel Merino Zazón,Merino,Arsenal,https://resources.premierleague.com/premierleague/badges/70/t3.png,Midfielder,2026-27,81,0,0,0,0,0,5800000,https://resources.premierleague.com/premierleague/photos/players/110x140/p195384.png,338424.0,1996-06-22,21500000.0,11,Arsenal FC,11
18,Gabriel Martinelli Silva,Martinelli,Arsenal,https://resources.premierleague.com/premierleague/badges/70/t3.png,Midfielder,2026-27,0,0,0,0,0,0,6300000,https://resources.premierleague.com/premierleague/photos/players/110x140/p444145.png,655488.0,2001-06-18,38700000.0,11,Arsenal FC,11
19,Martín Zubimendi Ibáñez,Zubimendi,Arsenal,https://resources.premierleague.com/premierleague/badges/70/t3.png,Midfielder,2026-27,89,0,0,0,0,0,5300000,,423440.0,1999-02-02,64500000.0,11,Arsenal FC,11
20,Max Dowman,Dowman,Arsenal,https://resources.premierleague.com/premierleague/badges/70/t3.png,Midfielder,2026-27,9,0,0,0,0,0,5300000,,1187629.0,2009-12-31,25800000.0,11,Arsenal FC,11
22,Ethan Nwaneri,Nwaneri,Arsenal,https://resources.premierleague.com/premierleague/badges/70/t3.png,Midfielder,2026-27,0,0,0,0,0,0,5400000,https://resources.premierleague.com/premierleague/photos/players/110x140/p499175.png,890719.0,2007-03-21,30100000.0,244,Olympique Marseille,244
23,Fábio Ferreira Vieira,Fábio Vieira,Arsenal,https://resources.premierleague.com/premierleague/badges/70/t3.png,Midfielder,2026-27,0,0,0,0,0,0,5500000,https://resources.premierleague.com/premierleague/photos/players/110x140/p438098.png,537598.0,2000-05-30,15480000.0,41,Hamburger SV,41
24,Reiss Nelson,Nelson,Arsenal,https://resources.premierleague.com/premierleague/badges/70/t3.png,Midfielder,2026-27,0,0,0,0,0,0,5500000,https://resources.premierleague.com/premierleague/photos/players/110x140/p200641.png,340325.0,1999-12-10,6880000.0,1148,Brentford FC,1148
25,Viktor Gyökeres,Gyökeres,Arsenal,https://resources.premierleague.com/premierleague/badges/70/t3.png,Forward,2026-27,29,0,0,0,0,0,7100000,https://resources.premierleague.com/premierleague/photos/players/110x140/p224117.png,325443.0,1998-06-04,55900000.0,11,Arsenal FC,11
26,Kai Havertz,Havertz,Arsenal,https://resources.premierleague.com/premierleague/badges/70/t3.png,Forward,2026-27,437,2,0,3,4,0,7600000,https://resources.premierleague.com/premierleague/photos/players/110x140/p219847.png,309400.0,1999-06-11,47300000.0,11,Arsenal FC,11
27,Gabriel Fernando de Jesus,G.Jesus,Arsenal,https://resources.premierleague.com/premierleague/badges/70/t3.png,Forward,2026-27,0,0,0,0,0,0,5900000,https://resources.premierleague.com/premierleague/photos/players/110x140/p205651.png,363205.0,1997-04-03,14620000.0,11,Arsenal FC,11
31,Ezri Konsa Ngoyo,Konsa,Arsenal,https://resources.premierleague.com/premierleague/badges/70/t3.png,Defender,2026-27,281,0,0,1,4,0,4600000,https://resources.premierleague.com/premierleague/photos/players/110x140/p199798.png,413403.0,1997-10-23,34400000.0,405,Aston Villa,405
452,Bruno Guimarães Rodriguez Moura,Bruno G.,Arsenal,https://resources.premierleague.com/premierleague/badges/70/t3.png,Midfielder,2026-27,123,1,0,0,3,0,6700000,https://resources.premierleague.com/premierleague/photos/players/110x140/p208706.png,520624.0,1997-11-16,60200000.0,762,Newcastle United,762
557,Christos Tzolis,Tzolis,Arsenal,https://resources.premierleague.com/premierleague/badges/70/t3.png,Midfielder,2026-27,362,0,2,2,4,0,6300000,https://resources.premierleague.com/premierleague/photos/players/110x140/p439509.png,451677.0,2002-01-30,34400000.0,2282,Club Brugge KV,2282
29,Marco Bizot,M.Bizot,Aston Villa,https://resources.premierleague.com/premierleague/badges/70/t7.png,Goalkeeper,2026-27,90,0,0,0,4,3,4500000,,124884.0,1991-03-10,1290000.0,405,Aston Villa,405
30,Lucas Digne,Digne,Aston Villa,https://resources.premierleague.com/premierleague/badges/70/t7.png,Defender,2026-27,0,0,0,0,0,0,4500000,https://resources.premierleague.com/premierleague/photos/players/110x140/p101188.png,126664.0,1993-07-20,5160000.0,405,Aston Villa,405
32,Matty Cash,Cash,Aston Villa,https://resources.premierleague.com/premierleague/badges/70/t7.png,Defender,2026-27,296,0,0,1,7,0,4400000,https://resources.premierleague.com/premierleague/photos/players/110x140/p199796.png,425334.0,1997-08-07,18920000.0,405,Aston Villa,405
33,Tyrone Mings,Mings,Aston Villa,https://resources.premierleague.com/premierleague/badges/70/t7.png,Defender,2026-27,261,0,0,1,4,0,4500000,https://resources.premierleague.com/premierleague/photos/players/110x140/p149484.png,253677.0,1993-03-13,2580000.0,405,Aston Villa,405
34,Pau Torres,Pau,Aston Villa,https://resources.premierleague.com/premierleague/badges/70/t7.png,Defender,2026-27,187,0,0,0,5,0,4500000,https://resources.premierleague.com/premierleague/photos/players/110x140/p244954.png,399776.0,1997-01-16,17200000.0,405,Aston Villa,405
35,Lamare Bogarde,Bogarde,Aston Villa,https://resources.premierleague.com/premierleague/badges/70/t7.png,Midfielder,2026-27,16,0,0,0,0,0,4900000,https://resources.premierleague.com/premierleague/photos/players/110x140/p515597.png,645686.0,2004-01-05,15480000.0,405,Aston Villa,405
36,Ian Maatsen,Maatsen,Aston Villa,https://resources.premierleague.com/premierleague/badges/70/t7.png,Defender,2026-27,335,0,0,1,7,0,4400000,https://resources.premierleague.com/premierleague/photos/players/110x140/p441302.png,485585.0,2002-03-10,25800000.0,405,Aston Villa,405
37,Victor Lindelöf,Lindelöf,Aston Villa,https://resources.premierleague.com/premierleague/badges/70/t7.png,Defender,2026-27,450,0,0,1,9,0,4500000,https://resources.premierleague.com/premierleague/photos/players/110x140/p184667.png,184573.0,1994-07-17,4300000.0,405,Aston Villa,405
38,Andrés García,A.García,Aston Villa,https://resources.premierleague.com/premierleague/badges/70/t7.png,Defender,2026-27,0,0,0,0,0,0,4000000,https://resources.premierleague.com/premierleague/photos/players/110x140/p606798.png,1063329.0,2003-02-07,5160000.0,405,Aston Villa,405
39,Kosta Nedeljkovic,Nedeljkovic,Aston Villa,https://resources.premierleague.com/premierleague/badges/70/t7.png,Defender,2026-27,0,0,0,0,0,0,4000000,https://resources.premierleague.com/premierleague/photos/players/110x140/p578545.png,848682.0,2005-12-16,5160000.0,23826,RB Leipzig,23826
41,Emiliano Buendía Stati,Buendía,Aston Villa,https://resources.premierleague.com/premierleague/badges/70/t7.png,Midfielder,2026-27,401,1,0,1,8,0,5900000,https://resources.premierleague.com/premierleague/photos/players/110x140/p195546.png,321247.0,1996-12-25,13760000.0,405,Aston Villa,405
44,Leon Bailey,Bailey,Aston Villa,https://resources.premierleague.com/premierleague/badges/70/t7.png,Midfielder,2026-27,0,0,0,0,0,0,5400000,https://resources.premierleague.com/premierleague/photos/players/110x140/p215711.png,1300041.0,2007-11-30,,,,
45,John McGinn,McGinn,Aston Villa,https://resources.premierleague.com/premierleague/badges/70/t7.png,Midfielder,2026-27,434,0,2,2,7,0,5400000,https://resources.premierleague.com/premierleague/photos/players/110x140/p122806.png,193116.0,1994-10-18,11180000.0,405,Aston Villa,405
46,Ross Barkley,Barkley,Aston Villa,https://resources.premierleague.com/premierleague/badges/70/t7.png,Midfielder,2026-27,308,0,0,1,8,0,5000000,https://resources.premierleague.com/premierleague/photos/players/110x140/p88894.png,131978.0,1993-12-05,3440000.0,405,Aston Villa,405
47,Boubacar Kamara,Kamara,Aston Villa,https://resources.premierleague.com/premierleague/badges/70/t7.png,Midfielder,2026-27,443,0,1,2,7,0,5000000,https://resources.premierleague.com/premierleague/photos/players/110x140/p226944.png,394327.0,1999-11-23,34400000.0,405,Aston Villa,405
48,Amadou Onana,Onana,Aston Villa,https://resources.premierleague.com/premierleague/badges/70/t7.png,Midfielder,2026-27,0,0,0,0,0,0,4900000,https://resources.premierleague.com/premierleague/photos/players/110x140/p449871.png,485706.0,2001-08-16,38700000.0,405,Aston Villa,405
49,Samuel Iling-Junior,Iling Jr,Aston Villa,https://resources.premierleague.com/premierleague/badges/70/t7.png,Midfielder,2026-27,0,0,0,0,0,0,5000000,https://resources.premierleague.com/premierleague/photos/players/110x140/p469247.png,581672.0,2003-10-04,5590000.0,4172,Pisa Sporting Club,4172
50,Bradley Burrowes,Burrowes,Aston Villa,https://resources.premierleague.com/premierleague/badges/70/t7.png,Midfielder,2026-27,0,0,0,0,0,0,4500000,,1202361.0,2008-03-04,1720000.0,,,
51,George Hemmings,George Hemmings,Aston Villa,https://resources.premierleague.com/premierleague/badges/70/t7.png,Midfielder,2026-27,297,0,0,1,7,0,4500000,,1023191.0,2007-04-03,,,,
52,Alysson Edward Franco da Rocha dos Santos,Alysson,Aston Villa,https://resources.premierleague.com/premierleague/badges/70/t7.png,Midfielder,2026-27,87,1,0,0,2,0,5000000,,1005583.0,2006-05-05,8600000.0,405,Aston Villa,405
53,Johan Manzambi,Manzambi,Aston Villa,https://resources.premierleague.com/premierleague/badges/70/t7.png,Midfielder,2026-27,98,1,1,1,1,0,5900000,,927353.0,2005-10-14,43000000.0,60,SC Freiburg,60
54,Joao Gomes,Gomes,Aston Villa,https://resources.premierleague.com/premierleague/badges/70/t7.png,Midfielder,2026-27,129,0,0,0,6,0,5500000,https://resources.premierleague.com/premierleague/photos/players/110x140/p448089.png,735570.0,2001-02-12,34400000.0,543,Wolverhampton Wanderers,543
55,Ollie Watkins,Watkins,Aston Villa,https://resources.premierleague.com/premierleague/badges/70/t7.png,Forward,2026-27,0,0,0,0,0,0,7800000,https://resources.premierleague.com/premierleague/photos/players/110x140/p178301.png,324358.0,1995-12-30,21500000.0,405,Aston Villa,405
56,Tammy Abraham,Abraham,Aston Villa,https://resources.premierleague.com/premierleague/badges/70/t7.png,Forward,2026-27,71,0,0,0,3,0,5500000,https://resources.premierleague.com/premierleague/photos/players/110x140/p173879.png,331726.0,1997-10-02,15480000.0,405,Aston Villa,405
160,Alejandro Garnacho Ferreyra,Garnacho,Aston Villa,https://resources.premierleague.com/premierleague/badges/70/t7.png,Midfielder,2026-27,31,0,0,0,0,0,5800000,https://resources.premierleague.com/premierleague/photos/players/110x140/p493105.png,811779.0,2004-07-01,24080000.0,631,Chelsea FC,631
166,Nicolas Jackson,N.Jackson,Aston Villa,https://resources.premierleague.com/premierleague/badges/70/t7.png,Forward,2026-27,286,1,0,1,2,0,6500000,https://resources.premierleague.com/premierleague/photos/players/110x140/p517052.png,776890.0,2001-06-20,34400000.0,27,Bayern Munich,27
582,Brian Madjo,Madjo,Aston Villa,https://resources.premierleague.com/premierleague/badges/70/t7.png,Forward,2026-27,0,0,0,0,0,0,5400000,,1226357.0,2009-01-12,10320000.0,,,
596,Matteo Ruggeri,Ruggeri,Aston Villa,https://resources.premierleague.com/premierleague/badges/70/t7.png,Defender,2026-27,113,0,0,0,2,0,4500000,,616631.0,2002-07-11,24080000.0,13,Atlético de Madrid,13
597,Zion Suzuki,Suzuki,Aston Villa,https://resources.premierleague.com/premierleague/badges/70/t7.png,Goalkeeper,2026-27,360,0,0,1,5,15,5000000,,432298.0,2002-08-21,17200000.0,130,Parma Calcio 1913,130
606,Triston Rowe,Rowe,Aston Villa,https://resources.premierleague.com/premierleague/badges/70/t7.png,Defender,2026-27,0,0,0,0,0,0,4000000,,984593.0,2006-10-02,430000.0,,,
607,Luka Lynch,Lynch,Aston Villa,https://resources.premierleague.com/premierleague/badges/70/t7.png,Midfielder,2026-27,0,0,0,0,0,0,4500000,,,,,,,
611,Aaron Wan-Bissaka,Wan-Bissaka,Aston Villa,https://resources.premierleague.com/premierleague/badges/70/t7.png,Defender,2026-27,152,0,0,0,2,0,4500000,https://resources.premierleague.com/premierleague/photos/players/110x140/p214590.png,477758.0,1997-11-26,12900000.0,379,West Ham United,379
618,Leon Goretzka,Goretzka,Aston Villa,https://resources.premierleague.com/premierleague/badges/70/t7.png,Midfielder,2026-27,0,0,0,0,0,0,5900000,,1300041.0,2007-11-30,,,,
630,Taylor Harwood-Bellis,Harwood-Bellis,Aston Villa,https://resources.premierleague.com/premierleague/badges/70/t7.png,Defender,2026-27,0,0,0,0,0,0,4500000,https://resources.premierleague.com/premierleague/photos/players/110x140/p245719.png,67416.0,1989-02-07,430000.0,405,Aston Villa,405
631,Ibrahim Mbaye,Mbaye,Aston Villa,https://resources.premierleague.com/premierleague/badges/70/t7.png,Midfielder,2026-27,33,0,0,0,3,0,6000000,,1185888.0,2008-01-24,25800000.0,583,Paris Saint-Germain,583
667,James Wright,Wright,Aston Villa,https://resources.premierleague.com/premierleague/badges/70/t7.png,Goalkeeper,2026-27,0,0,0,0,0,0,4000000,,712181.0,2004-12-02,172000.0,,,
57,Đorđe Petrović,Petrović,Bournemouth,https://resources.premierleague.com/premierleague/badges/70/t91.png,Goalkeeper,2026-27,450,0,0,0,8,11,4500000,https://resources.premierleague.com/premierleague/photos/players/110x140/p457569.png,465555.0,1999-10-08,24080000.0,989,AFC Bournemouth,989
58,Fraser Forster,Forster,Bournemouth,https://resources.premierleague.com/premierleague/badges/70/t91.png,Goalkeeper,2026-27,0,0,0,0,0,0,4000000,https://resources.premierleague.com/premierleague/photos/players/110x140/p40383.png,52570.0,1988-03-17,344000.0,989,AFC Bournemouth,989
59,Will Dennis,Dennis,Bournemouth,https://resources.premierleague.com/premierleague/badges/70/t91.png,Goalkeeper,2026-27,0,0,0,0,0,0,4000000,https://resources.premierleague.com/premierleague/photos/players/110x140/p444172.png,582078.0,2000-07-10,301000.0,989,AFC Bournemouth,989
60,James Hill,Hill,Bournemouth,https://resources.premierleague.com/premierleague/badges/70/t91.png,Defender,2026-27,450,0,0,0,8,0,5500000,https://resources.premierleague.com/premierleague/photos/players/110x140/p463981.png,611793.0,2002-01-10,19780000.0,989,AFC Bournemouth,989
61,Adrien Truffert,Truffert,Bournemouth,https://resources.premierleague.com/premierleague/badges/70/t91.png,Defender,2026-27,450,0,0,0,8,0,5400000,,654539.0,2001-11-20,25800000.0,989,AFC Bournemouth,989
62,Bafodé Diakité,Diakité,Bournemouth,https://resources.premierleague.com/premierleague/badges/70/t91.png,Defender,2026-27,0,0,0,0,0,0,4900000,,463605.0,2001-01-06,21500000.0,989,AFC Bournemouth,989
63,Veljko Milosavljevic,Milosavljević,Bournemouth,https://resources.premierleague.com/premierleague/badges/70/t91.png,Defender,2026-27,0,0,0,0,0,0,4900000,,989112.0,2007-06-28,17200000.0,989,AFC Bournemouth,989
64,Adam Smith,Smith,Bournemouth,https://resources.premierleague.com/premierleague/badges/70/t91.png,Defender,2026-27,434,0,0,0,8,0,4500000,https://resources.premierleague.com/premierleague/photos/players/110x140/p54469.png,61841.0,1991-04-29,258000.0,989,AFC Bournemouth,989
65,Julián Araujo Zúñiga,J.Araujo,Bournemouth,https://resources.premierleague.com/premierleague/badges/70/t91.png,Defender,2026-27,0,0,0,0,0,0,4400000,https://resources.premierleague.com/premierleague/photos/players/110x140/p436893.png,513970.0,2001-08-13,6880000.0,371,Celtic FC,371
66,Julio Soler Barreto,Soler,Bournemouth,https://resources.premierleague.com/premierleague/badges/70/t91.png,Defender,2026-27,0,0,0,0,0,0,4000000,,1009658.0,2005-02-16,6880000.0,989,AFC Bournemouth,989
67,Rayan Vitor Simplício Rocha,Rayan,Bournemouth,https://resources.premierleague.com/premierleague/badges/70/t91.png,Midfielder,2026-27,434,0,0,0,7,0,6300000,,1012564.0,2006-08-03,51600000.0,989,AFC Bournemouth,989
68,Marcus Tavernier,Tavernier,Bournemouth,https://resources.premierleague.com/premierleague/badges/70/t91.png,Midfielder,2026-27,424,3,0,0,8,0,6100000,https://resources.premierleague.com/premierleague/photos/players/110x140/p201658.png,399434.0,1999-03-22,21500000.0,989,AFC Bournemouth,989
69,Alex Scott,Scott,Bournemouth,https://resources.premierleague.com/premierleague/badges/70/t91.png,Midfielder,2026-27,446,1,2,1,7,0,6100000,https://resources.premierleague.com/premierleague/photos/players/110x140/p503139.png,855256.0,2003-08-21,43000000.0,989,AFC Bournemouth,989
70,Justin Kluivert,Kluivert,Bournemouth,https://resources.premierleague.com/premierleague/badges/70/t91.png,Midfielder,2026-27,294,1,0,2,3,0,6000000,https://resources.premierleague.com/premierleague/photos/players/110x140/p222683.png,330659.0,1999-05-05,21500000.0,989,AFC Bournemouth,989
71,Lewis Cook,Cook,Bournemouth,https://resources.premierleague.com/premierleague/badges/70/t91.png,Midfielder,2026-27,180,0,0,2,1,0,5000000,https://resources.premierleague.com/premierleague/photos/players/110x140/p155408.png,249089.0,1997-02-03,9460000.0,989,AFC Bournemouth,989
72,Ben Gannon-Doak,Gannon-Doak,Bournemouth,https://resources.premierleague.com/premierleague/badges/70/t91.png,Midfielder,2026-27,12,0,0,0,1,0,4900000,https://resources.premierleague.com/premierleague/photos/players/110x140/p496208.png,183302.0,1995-01-04,1892000.0,989,AFC Bournemouth,989
73,Tyler Adams,Adams,Bournemouth,https://resources.premierleague.com/premierleague/badges/70/t91.png,Midfielder,2026-27,279,0,0,0,7,0,5000000,https://resources.premierleague.com/premierleague/photos/players/110x140/p200785.png,332705.0,1999-02-14,21500000.0,989,AFC Bournemouth,989
74,David Brooks,Brooks,Bournemouth,https://resources.premierleague.com/premierleague/badges/70/t91.png,Midfielder,2026-27,45,0,0,0,2,0,5000000,https://resources.premierleague.com/premierleague/photos/players/110x140/p111317.png,277033.0,1997-07-08,10320000.0,989,AFC Bournemouth,989
75,Ryan Christie,Christie,Bournemouth,https://resources.premierleague.com/premierleague/badges/70/t91.png,Midfielder,2026-27,102,0,0,0,2,0,5000000,https://resources.premierleague.com/premierleague/photos/players/110x140/p158499.png,188077.0,1995-02-22,6880000.0,989,AFC Bournemouth,989
76,Alex Tóth,Tóth.A,Bournemouth,https://resources.premierleague.com/premierleague/badges/70/t91.png,Midfielder,2026-27,17,0,0,0,2,0,4900000,,998101.0,2005-10-23,10320000.0,989,AFC Bournemouth,989
77,Amine Adli,Adli,Bournemouth,https://resources.premierleague.com/premierleague/badges/70/t91.png,Midfielder,2026-27,0,0,0,0,0,0,4900000,,532776.0,2000-05-10,17200000.0,989,AFC Bournemouth,989
78,Junior Kroupi,Kroupi.Jr,Bournemouth,https://resources.premierleague.com/premierleague/badges/70/t91.png,Midfielder,2026-27,0,0,0,0,0,0,7400000,,955357.0,2006-06-23,60200000.0,989,AFC Bournemouth,989
79,Francisco Evanilson de Lima Barbosa,Evanilson,Bournemouth,https://resources.premierleague.com/premierleague/badges/70/t91.png,Forward,2026-27,424,0,3,2,5,0,6000000,https://resources.premierleague.com/premierleague/photos/players/110x140/p444102.png,711337.0,1999-10-06,30100000.0,989,AFC Bournemouth,989
80,Enes Ünal,Enes Ünal,Bournemouth,https://resources.premierleague.com/premierleague/badges/70/t91.png,Forward,2026-27,0,0,0,0,0,0,5500000,https://resources.premierleague.com/premierleague/photos/players/110x140/p168636.png,251106.0,1997-05-10,6020000.0,989,AFC Bournemouth,989
81,Álvaro Rodríguez,Rodríguez,Bournemouth,https://resources.premierleague.com/premierleague/badges/70/t91.png,Forward,2026-27,10,0,0,0,1,0,6000000,,948275.0,2004-07-14,8600000.0,1531,Elche CF,1531
566,António João Pereira de Albuquerque Tavares da Silva,Silva,Bournemouth,https://resources.premierleague.com/premierleague/badges/70/t91.png,Defender,2026-27,450,0,0,0,8,0,5000000,,650568.0,2003-10-30,21500000.0,294,SL Benfica,294
573,Juanlu Sánchez,Sanchez,Bournemouth,https://resources.premierleague.com/premierleague/badges/70/t91.png,Defender,2026-27,0,0,0,0,0,0,4400000,,676042.0,2003-08-15,8600000.0,368,Sevilla FC,368
608,Daniel Jebbison,Jebbison,Bournemouth,https://resources.premierleague.com/premierleague/badges/70/t91.png,Forward,2026-27,31,0,0,0,2,0,5000000,https://resources.premierleague.com/premierleague/photos/players/110x140/p523700.png,746740.0,2003-08-13,5160000.0,,,
615,Michele Di Gregorio,Di Gregorio,Bournemouth,https://resources.premierleague.com/premierleague/badges/70/t91.png,Goalkeeper,2026-27,0,0,0,0,0,0,4500000,,301238.0,1997-07-27,8600000.0,506,Juventus FC,506
82,Caoimhín Kelleher,Kelleher,Brentford,https://resources.premierleague.com/premierleague/badges/70/t94.png,Goalkeeper,2026-27,450,0,0,2,4,17,5000000,https://resources.premierleague.com/premierleague/photos/players/110x140/p200720.png,340918.0,1998-11-23,24080000.0,1148,Brentford FC,1148
83,Hákon Rafn Valdimarsson,Valdimarsson,Brentford,https://resources.premierleague.com/premierleague/badges/70/t94.png,Goalkeeper,2026-27,0,0,0,0,0,0,4500000,https://resources.premierleague.com/premierleague/photos/players/110x140/p507433.png,488935.0,2001-10-13,2150000.0,1148,Brentford FC,1148
84,Nathan Collins,Collins,Brentford,https://resources.premierleague.com/premierleague/badges/70/t94.png,Defender,2026-27,196,0,0,1,1,0,5400000,https://resources.premierleague.com/premierleague/photos/players/110x140/p432830.png,469050.0,2001-04-30,25800000.0,1148,Brentford FC,1148
85,Sepp van den Berg,Van den Berg,Brentford,https://resources.premierleague.com/premierleague/badges/70/t94.png,Defender,2026-27,0,0,0,0,0,0,4900000,https://resources.premierleague.com/premierleague/photos/players/110x140/p444765.png,541231.0,2001-12-20,27520000.0,1148,Brentford FC,1148
86,Keane Lewis-Potter,Lewis-Potter,Brentford,https://resources.premierleague.com/premierleague/badges/70/t94.png,Midfielder,2026-27,406,1,1,2,4,0,5500000,https://resources.premierleague.com/premierleague/photos/players/110x140/p249231.png,644401.0,2001-02-22,21500000.0,1148,Brentford FC,1148
87,Kristoffer Ajer,Ajer,Brentford,https://resources.premierleague.com/premierleague/badges/70/t94.png,Defender,2026-27,450,0,0,2,4,0,4500000,https://resources.premierleague.com/premierleague/photos/players/110x140/p191866.png,328658.0,1998-04-17,15480000.0,1148,Brentford FC,1148
88,Michael Kayode,Kayode,Brentford,https://resources.premierleague.com/premierleague/badges/70/t94.png,Defender,2026-27,294,1,0,2,1,0,4600000,https://resources.premierleague.com/premierleague/photos/players/110x140/p607464.png,823486.0,2004-07-10,34400000.0,1148,Brentford FC,1148
89,Rico Henry,Henry,Brentford,https://resources.premierleague.com/premierleague/badges/70/t94.png,Defender,2026-27,2,0,0,0,0,0,4400000,https://resources.premierleague.com/premierleague/photos/players/110x140/p194010.png,339556.0,1997-07-08,11180000.0,1148,Brentford FC,1148
90,Aaron Hickey,Hickey,Brentford,https://resources.premierleague.com/premierleague/badges/70/t94.png,Defender,2026-27,152,0,0,0,3,0,4500000,https://resources.premierleague.com/premierleague/photos/players/110x140/p472713.png,591949.0,2002-06-10,13760000.0,1148,Brentford FC,1148
92,Kim Ji-soo,Ji-soo,Brentford,https://resources.premierleague.com/premierleague/badges/70/t94.png,Defender,2026-27,0,0,0,0,0,0,4400000,https://resources.premierleague.com/premierleague/photos/players/110x140/p570241.png,,,,,,
93,Jannik Schuster,Schuster,Brentford,https://resources.premierleague.com/premierleague/badges/70/t94.png,Defender,2026-27,253,0,1,1,3,0,4500000,,915418.0,2006-05-16,15480000.0,409,Fußballclub Red Bull Salzburg,409
94,Kevin Schade,Schade,Brentford,https://resources.premierleague.com/premierleague/badges/70/t94.png,Midfielder,2026-27,447,3,2,2,4,0,6200000,https://resources.premierleague.com/premierleague/photos/players/110x140/p513418.png,473050.0,2001-11-27,30100000.0,1148,Brentford FC,1148
95,Dango Ouattara,O.Dango,Brentford,https://resources.premierleague.com/premierleague/badges/70/t94.png,Midfielder,2026-27,179,0,0,1,1,0,6300000,https://resources.premierleague.com/premierleague/photos/players/110x140/p533463.png,823231.0,2002-02-11,30100000.0,1148,Brentford FC,1148
96,Mikkel Damsgaard,Damsgaard,Brentford,https://resources.premierleague.com/premierleague/badges/70/t94.png,Midfielder,2026-27,283,0,1,2,1,0,5400000,https://resources.premierleague.com/premierleague/photos/players/110x140/p440089.png,540941.0,2000-07-03,25800000.0,1148,Brentford FC,1148
97,Mathias Jensen,Jensen,Brentford,https://resources.premierleague.com/premierleague/badges/70/t94.png,Midfielder,2026-27,66,0,1,1,0,0,5400000,https://resources.premierleague.com/premierleague/photos/players/110x140/p207283.png,319859.0,1996-01-01,8600000.0,1148,Brentford FC,1148
98,Vitaly Janelt,Janelt,Brentford,https://resources.premierleague.com/premierleague/badges/70/t94.png,Midfielder,2026-27,450,2,0,2,4,0,5000000,https://resources.premierleague.com/premierleague/photos/players/110x140/p204580.png,270171.0,1998-05-10,13760000.0,1148,Brentford FC,1148
99,Antoni Milambo,Milambo,Brentford,https://resources.premierleague.com/premierleague/badges/70/t94.png,Midfielder,2026-27,0,0,0,0,0,0,5000000,,683620.0,2005-04-03,12900000.0,1148,Brentford FC,1148
100,Fábio Freitas Gouveia Carvalho,Carvalho,Brentford,https://resources.premierleague.com/premierleague/badges/70/t94.png,Midfielder,2026-27,3,1,0,0,0,0,5000000,https://resources.premierleague.com/premierleague/photos/players/110x140/p244858.png,559263.0,2002-08-30,6880000.0,1148,Brentford FC,1148
102,Yehor Yarmoliuk,Yarmoliuk,Brentford,https://resources.premierleague.com/premierleague/badges/70/t94.png,Midfielder,2026-27,216,0,1,1,4,0,4800000,https://resources.premierleague.com/premierleague/photos/players/110x140/p508395.png,,,,,,
103,Josh Dasilva,Dasilva,Brentford,https://resources.premierleague.com/premierleague/badges/70/t94.png,Midfielder,2026-27,0,0,0,0,0,0,4900000,https://resources.premierleague.com/premierleague/photos/players/110x140/p183656.png,340321.0,1998-10-23,1290000.0,1148,Brentford FC,1148
105,Jaidon Anthony,Anthony,Brentford,https://resources.premierleague.com/premierleague/badges/70/t94.png,Midfielder,2026-27,267,1,0,2,3,0,5900000,https://resources.premierleague.com/premierleague/photos/players/110x140/p444180.png,684210.0,1999-12-01,17200000.0,1132,Burnley FC,1132
106,Igor Thiago Nascimento Rodrigues,Thiago,Brentford,https://resources.premierleague.com/premierleague/badges/70/t94.png,Forward,2026-27,442,1,0,2,4,0,7800000,https://resources.premierleague.com/premierleague/photos/players/110x140/p502500.png,739443.0,2001-06-26,55900000.0,1148,Brentford FC,1148
107,Kaye Furo,Furo,Brentford,https://resources.premierleague.com/premierleague/badges/70/t94.png,Forward,2026-27,0,0,0,0,0,0,4500000,,1011936.0,2007-02-06,6880000.0,1148,Brentford FC,1148
108,Callum Wilson,Wilson,Brentford,https://resources.premierleague.com/premierleague/badges/70/t94.png,Forward,2026-27,13,0,0,0,0,0,5400000,https://resources.premierleague.com/premierleague/photos/players/110x140/p75115.png,123682.0,1992-02-27,3440000.0,379,West Ham United,379
565,Mamadou Sangaré,M.Sangaré,Brentford,https://resources.premierleague.com/premierleague/badges/70/t94.png,Midfielder,2026-27,321,0,2,1,3,0,5600000,,808348.0,2002-06-26,34400000.0,826,RC Lens,826
620,El Hadji Malick Diouf,Diouf,Brentford,https://resources.premierleague.com/premierleague/badges/70/t94.png,Defender,2026-27,39,0,0,0,0,0,4500000,,1111589.0,2004-12-28,24080000.0,379,West Ham United,379
657,Gustavo Nunes Fernandes Gomes,Nunes,Brentford,https://resources.premierleague.com/premierleague/badges/70/t94.png,Midfielder,2026-27,0,0,0,0,0,0,4500000,https://resources.premierleague.com/premierleague/photos/players/110x140/p626464.png,1086375.0,2005-11-20,,,,
660,Benjamin Fredrick,Fredrick,Brentford,https://resources.premierleague.com/premierleague/badges/70/t94.png,Defender,2026-27,0,0,0,0,0,0,4000000,https://resources.premierleague.com/premierleague/photos/players/110x140/p612534.png,1144158.0,2005-10-09,86000.0,371,Celtic FC,371
661,Ellery Balcombe,Balcombe,Brentford,https://resources.premierleague.com/premierleague/badges/70/t94.png,Goalkeeper,2026-27,0,0,0,0,0,0,4000000,https://resources.premierleague.com/premierleague/photos/players/110x140/p235448.png,456292.0,1999-10-15,344000.0,1148,Brentford FC,1148
109,Bart Verbruggen,Verbruggen,Brighton,https://resources.premierleague.com/premierleague/badges/70/t36.png,Goalkeeper,2026-27,450,0,0,3,5,12,4500000,https://resources.premierleague.com/premierleague/photos/players/110x140/p489639.png,565093.0,2002-08-18,34400000.0,1237,Brighton & Hove Albion,1237
111,Jason Steele,Steele,Brighton,https://resources.premierleague.com/premierleague/badges/70/t36.png,Goalkeeper,2026-27,0,0,0,0,0,0,4000000,https://resources.premierleague.com/premierleague/photos/players/110x140/p49262.png,73564.0,1990-08-18,430000.0,1237,Brighton & Hove Albion,1237
113,Ferdi Kadıoğlu,F.Kadıoğlu,Brighton,https://resources.premierleague.com/premierleague/badges/70/t36.png,Defender,2026-27,332,0,0,2,5,0,4400000,https://resources.premierleague.com/premierleague/photos/players/110x140/p231416.png,369316.0,1999-10-07,30100000.0,1237,Brighton & Hove Albion,1237
114,Olivier Boscagli,Boscagli,Brighton,https://resources.premierleague.com/premierleague/badges/70/t36.png,Defender,2026-27,437,0,0,3,5,0,4500000,,318508.0,1997-11-18,12900000.0,1237,Brighton & Hove Albion,1237
115,Maxim De Cuyper,De Cuyper,Brighton,https://resources.premierleague.com/premierleague/badges/70/t36.png,Defender,2026-27,423,1,3,3,5,0,4900000,,429915.0,2000-12-22,18920000.0,1237,Brighton & Hove Albion,1237
116,Lewis Dunk,Dunk,Brighton,https://resources.premierleague.com/premierleague/badges/70/t36.png,Defender,2026-27,360,1,0,2,5,0,4500000,https://resources.premierleague.com/premierleague/photos/players/110x140/p83299.png,148153.0,1991-11-21,3010000.0,1237,Brighton & Hove Albion,1237
117,Diego Coppola,Coppola,Brighton,https://resources.premierleague.com/premierleague/badges/70/t36.png,Defender,2026-27,0,0,0,0,0,0,4500000,,996897.0,2003-03-27,21500000.0,1237,Brighton & Hove Albion,1237
118,Igor Julio dos Santos de Paulo,Igor,Brighton,https://resources.premierleague.com/premierleague/badges/70/t36.png,Defender,2026-27,0,0,0,0,0,0,4500000,https://resources.premierleague.com/premierleague/photos/players/110x140/p223434.png,380350.0,1998-02-07,8600000.0,1237,Brighton & Hove Albion,1237
119,João Pedro Loureiro da Costa,Costinha,Brighton,https://resources.premierleague.com/premierleague/badges/70/t36.png,Defender,2026-27,68,0,0,0,0,0,4500000,,626724.0,2001-09-26,68800000.0,631,Chelsea FC,631
120,Michael Svoboda,Svoboda,Brighton,https://resources.premierleague.com/premierleague/badges/70/t36.png,Defender,2026-27,4,0,0,0,0,0,5000000,,,,,,,
121,Mitoma Kaoru,Mitoma,Brighton,https://resources.premierleague.com/premierleague/badges/70/t36.png,Midfielder,2026-27,0,0,0,0,0,0,5900000,https://resources.premierleague.com/premierleague/photos/players/110x140/p451340.png,504849.0,1997-05-20,18920000.0,1237,Brighton & Hove Albion,1237
122,Yankuba Minteh,Minteh,Brighton,https://resources.premierleague.com/premierleague/badges/70/t36.png,Midfielder,2026-27,0,0,0,0,0,0,5800000,https://resources.premierleague.com/premierleague/photos/players/110x140/p592031.png,1012534.0,2004-07-22,38700000.0,1237,Brighton & Hove Albion,1237
123,Jack Hinshelwood,Hinshelwood,Brighton,https://resources.premierleague.com/premierleague/badges/70/t36.png,Midfielder,2026-27,63,2,0,1,0,0,5900000,https://resources.premierleague.com/premierleague/photos/players/110x140/p532529.png,867688.0,2005-04-11,24080000.0,1237,Brighton & Hove Albion,1237
124,Pascal Groß,Groß,Brighton,https://resources.premierleague.com/premierleague/badges/70/t36.png,Midfielder,2026-27,450,3,4,3,5,0,5800000,https://resources.premierleague.com/premierleague/photos/players/110x140/p60307.png,82873.0,1991-06-15,2150000.0,1237,Brighton & Hove Albion,1237
125,Georginio Rutter,Georginio,Brighton,https://resources.premierleague.com/premierleague/badges/70/t36.png,Forward,2026-27,104,0,1,1,0,0,5300000,https://resources.premierleague.com/premierleague/photos/players/110x140/p463067.png,538977.0,2002-04-20,25800000.0,1237,Brighton & Hove Albion,1237
126,Matt O'Riley,O'Riley,Brighton,https://resources.premierleague.com/premierleague/badges/70/t36.png,Midfielder,2026-27,10,0,0,0,0,0,5400000,https://resources.premierleague.com/premierleague/photos/players/110x140/p219249.png,307497.0,1996-09-22,3010000.0,1237,Brighton & Hove Albion,1237
127,Diego Gómez Amarilla,Gomez,Brighton,https://resources.premierleague.com/premierleague/badges/70/t36.png,Midfielder,2026-27,433,0,3,3,5,0,5000000,https://resources.premierleague.com/premierleague/photos/players/110x140/p514254.png,996897.0,2003-03-27,21500000.0,1237,Brighton & Hove Albion,1237
128,Facundo Buonanotte,Buonanotte,Brighton,https://resources.premierleague.com/premierleague/badges/70/t36.png,Midfielder,2026-27,0,0,0,0,0,0,5000000,https://resources.premierleague.com/premierleague/photos/players/110x140/p536916.png,983989.0,2004-12-23,10320000.0,399,Leeds United,399
129,Yasin Ayari,Ayari,Brighton,https://resources.premierleague.com/premierleague/badges/70/t36.png,Midfielder,2026-27,333,1,0,3,1,0,5400000,https://resources.premierleague.com/premierleague/photos/players/110x140/p509416.png,667287.0,2003-10-06,30100000.0,1237,Brighton & Hove Albion,1237
130,Mats Wieffer,Wieffer,Brighton,https://resources.premierleague.com/premierleague/badges/70/t36.png,Defender,2026-27,156,0,0,1,4,0,4900000,https://resources.premierleague.com/premierleague/photos/players/110x140/p467779.png,415381.0,1999-11-16,21500000.0,1237,Brighton & Hove Albion,1237
132,Harry Howell,Howell,Brighton,https://resources.premierleague.com/premierleague/badges/70/t36.png,Midfielder,2026-27,0,0,0,0,0,0,4500000,,1067168.0,2008-04-20,258000.0,,,
133,Tom Watson,Watson,Brighton,https://resources.premierleague.com/premierleague/badges/70/t36.png,Midfielder,2026-27,0,0,0,0,0,0,5000000,,933018.0,2006-04-08,6020000.0,,,
134,Nehemiah Oriola,Oriola,Brighton,https://resources.premierleague.com/premierleague/badges/70/t36.png,Midfielder,2026-27,0,0,0,0,0,0,4500000,,914269.0,2007-06-11,,,,
135,Zadok Yohanna,Yohanna,Brighton,https://resources.premierleague.com/premierleague/badges/70/t36.png,Midfielder,2026-27,12,0,0,0,0,0,4900000,,,,,,,
137,Stefanos Tzimas,Tzimas,Brighton,https://resources.premierleague.com/premierleague/badges/70/t36.png,Forward,2026-27,0,0,0,0,0,0,5400000,,950091.0,2006-01-06,15480000.0,1237,Brighton & Hove Albion,1237
138,Charalampos Kostoulas,Kostoulas,Brighton,https://resources.premierleague.com/premierleague/badges/70/t36.png,Forward,2026-27,353,2,3,2,5,0,5600000,,1060087.0,2007-05-30,21500000.0,1237,Brighton & Hove Albion,1237
139,Evan Ferguson,Ferguson,Brighton,https://resources.premierleague.com/premierleague/badges/70/t36.png,Forward,2026-27,0,0,0,0,0,0,5000000,https://resources.premierleague.com/premierleague/photos/players/110x140/p487117.png,648046.0,2004-10-19,17200000.0,12,Associazione Sportiva Roma,12
328,Pascal Struijk,Struijk,Brighton,https://resources.premierleague.com/premierleague/badges/70/t36.png,Defender,2026-27,98,0,0,1,0,0,4900000,https://resources.premierleague.com/premierleague/photos/players/110x140/p222694.png,410708.0,1999-08-11,18920000.0,399,Leeds United,399
504,Luka Vušković,Vuskovic,Brighton,https://resources.premierleague.com/premierleague/badges/70/t36.png,Defender,2026-27,437,1,0,3,5,0,5000000,,892160.0,2007-02-24,51600000.0,41,Hamburger SV,41
594,Promise David,David,Brighton,https://resources.premierleague.com/premierleague/badges/70/t36.png,Forward,2026-27,23,0,0,0,0,0,5900000,,888785.0,2001-07-03,14620000.0,3948,Union Saint-Gilloise,3948
600,Ibrahim Osman,Osman,Brighton,https://resources.premierleague.com/premierleague/badges/70/t36.png,Midfielder,2026-27,40,0,0,0,1,0,5000000,https://resources.premierleague.com/premierleague/photos/players/110x140/p612855.png,1110406.0,2004-11-29,6020000.0,,,
605,Malick Yalcouyé,Yalcouyé,Brighton,https://resources.premierleague.com/premierleague/badges/70/t36.png,Midfielder,2026-27,236,2,0,1,4,0,4500000,https://resources.premierleague.com/premierleague/photos/players/110x140/p611695.png,1178758.0,2005-11-18,10320000.0,2288,Swansea City,2288
614,Jaouen Hadjam,Hadjam,Brighton,https://resources.premierleague.com/premierleague/badges/70/t36.png,Defender,2026-27,0,0,0,0,0,0,4500000,,750903.0,2003-03-26,6020000.0,452,BSC Young Boys,452
624,Amario Cozier-Duberry,Cozier-Duberry,Brighton,https://resources.premierleague.com/premierleague/badges/70/t36.png,Midfielder,2026-27,0,0,0,0,0,0,5000000,https://resources.premierleague.com/premierleague/photos/players/110x140/p519324.png,878150.0,2005-05-29,4300000.0,,,
639,José María Andrés Baixauli,Andrés,Brighton,https://resources.premierleague.com/premierleague/badges/70/t36.png,Midfielder,2026-27,109,1,1,1,0,0,5500000,,250845.0,1995-01-20,7740000.0,13,Atlético de Madrid,13
652,Femi Azeez,Azeez,Brighton,https://resources.premierleague.com/premierleague/badges/70/t36.png,Midfielder,2026-27,0,0,0,0,0,0,5500000,,,,,,,
658,Younes Ibrahim,Ibrahim,Brighton,https://resources.premierleague.com/premierleague/badges/70/t36.png,Midfielder,2026-27,0,0,0,0,0,0,4500000,,,,,,,
28,Emiliano Martínez Romero,Martinez,Chelsea,https://resources.premierleague.com/premierleague/badges/70/t8.png,Goalkeeper,2026-27,360,0,0,0,10,18,5000000,https://resources.premierleague.com/premierleague/photos/players/110x140/p98980.png,111873.0,1992-09-02,10320000.0,405,Aston Villa,405
40,Morgan Rogers,Rogers,Chelsea,https://resources.premierleague.com/premierleague/badges/70/t8.png,Midfielder,2026-27,437,3,1,0,12,0,7700000,https://resources.premierleague.com/premierleague/photos/players/110x140/p244850.png,503743.0,2002-07-26,77400000.0,405,Aston Villa,405
101,Jordan Henderson,Henderson,Chelsea,https://resources.premierleague.com/premierleague/badges/70/t8.png,Midfielder,2026-27,90,0,0,0,3,0,4900000,https://resources.premierleague.com/premierleague/photos/players/110x140/p56979.png,61651.0,1990-06-17,1032000.0,1148,Brentford FC,1148
136,Danny Welbeck,Welbeck,Chelsea,https://resources.premierleague.com/premierleague/badges/70/t8.png,Forward,2026-27,85,0,0,0,1,0,5900000,https://resources.premierleague.com/premierleague/photos/players/110x140/p50175.png,73491.0,1990-03-05,344000.0,631,Chelsea FC,631
140,Robert Lynch Sánchez,Sánchez,Chelsea,https://resources.premierleague.com/premierleague/badges/70/t8.png,Goalkeeper,2026-27,90,0,0,0,2,4,4900000,https://resources.premierleague.com/premierleague/photos/players/110x140/p215059.png,403151.0,1997-11-18,18920000.0,631,Chelsea FC,631
141,Filip Jörgensen,Jörgensen,Chelsea,https://resources.premierleague.com/premierleague/badges/70/t8.png,Goalkeeper,2026-27,0,0,0,0,0,0,5000000,https://resources.premierleague.com/premierleague/photos/players/110x140/p508479.png,585323.0,2002-04-16,12900000.0,631,Chelsea FC,631
142,Reece James,James,Chelsea,https://resources.premierleague.com/premierleague/badges/70/t8.png,Defender,2026-27,292,0,0,0,7,0,5400000,https://resources.premierleague.com/premierleague/photos/players/110x140/p225796.png,472423.0,1999-12-08,51600000.0,631,Chelsea FC,631
143,Trevoh Chalobah,Chalobah,Chelsea,https://resources.premierleague.com/premierleague/badges/70/t8.png,Defender,2026-27,0,0,0,0,0,0,5500000,https://resources.premierleague.com/premierleague/photos/players/110x140/p180736.png,346314.0,1999-07-05,34400000.0,631,Chelsea FC,631
144,Malo Gusto,Gusto,Chelsea,https://resources.premierleague.com/premierleague/badges/70/t8.png,Defender,2026-27,272,0,0,0,7,0,4900000,https://resources.premierleague.com/premierleague/photos/players/110x140/p482609.png,620322.0,2003-05-19,30100000.0,631,Chelsea FC,631
145,Wesley Fofana,Fofana,Chelsea,https://resources.premierleague.com/premierleague/badges/70/t8.png,Defender,2026-27,312,0,0,0,7,0,5000000,https://resources.premierleague.com/premierleague/photos/players/110x140/p444463.png,475411.0,2000-12-17,24080000.0,631,Chelsea FC,631
146,Benoît Badiashile Mukinayi,B.Badiashile,Chelsea,https://resources.premierleague.com/premierleague/badges/70/t8.png,Defender,2026-27,0,0,0,0,0,0,4500000,https://resources.premierleague.com/premierleague/photos/players/110x140/p242880.png,463603.0,2001-03-26,12900000.0,631,Chelsea FC,631
148,Jorrel Hato,Hato,Chelsea,https://resources.premierleague.com/premierleague/badges/70/t8.png,Defender,2026-27,258,0,2,0,9,0,4500000,,904802.0,2006-03-07,34400000.0,631,Chelsea FC,631
149,Levi Samuels Colwill,Colwill,Chelsea,https://resources.premierleague.com/premierleague/badges/70/t8.png,Defender,2026-27,341,0,0,0,9,0,4800000,https://resources.premierleague.com/premierleague/photos/players/110x140/p460028.png,614258.0,2003-02-26,43000000.0,631,Chelsea FC,631
150,Mamadou Sarr,M.Sarr,Chelsea,https://resources.premierleague.com/premierleague/badges/70/t8.png,Defender,2026-27,0,0,0,0,0,0,4500000,,910905.0,2005-08-29,18920000.0,631,Chelsea FC,631
151,Josh Acheampong,Acheampong,Chelsea,https://resources.premierleague.com/premierleague/badges/70/t8.png,Defender,2026-27,221,0,0,0,7,0,4500000,https://resources.premierleague.com/premierleague/photos/players/110x140/p577016.png,1004708.0,2006-05-05,21500000.0,631,Chelsea FC,631
152,Marco Palestra,Palestra,Chelsea,https://resources.premierleague.com/premierleague/badges/70/t8.png,Defender,2026-27,0,0,0,0,0,0,5300000,,16810.0,1982-04-02,86000.0,631,Chelsea FC,631
154,Cole Palmer,Palmer,Chelsea,https://resources.premierleague.com/premierleague/badges/70/t8.png,Midfielder,2026-27,442,2,2,0,12,0,9700000,https://resources.premierleague.com/premierleague/photos/players/110x140/p244851.png,568177.0,2002-05-06,86000000.0,631,Chelsea FC,631
156,Pedro Lomba Neto,Neto,Chelsea,https://resources.premierleague.com/premierleague/badges/70/t8.png,Midfielder,2026-27,332,1,0,0,8,0,6500000,https://resources.premierleague.com/premierleague/photos/players/110x140/p247632.png,487465.0,2000-03-09,51600000.0,631,Chelsea FC,631
157,Estêvão Almeida de Oliveira Gonçalves,Estêvão,Chelsea,https://resources.premierleague.com/premierleague/badges/70/t8.png,Midfielder,2026-27,23,0,0,0,1,0,6300000,,1056993.0,2007-04-24,68800000.0,631,Chelsea FC,631
158,Jamie Bynoe-Gittens,Gittens,Chelsea,https://resources.premierleague.com/premierleague/badges/70/t8.png,Midfielder,2026-27,0,0,0,0,0,0,5800000,,670882.0,2004-08-08,25800000.0,631,Chelsea FC,631
159,Moisés Caicedo Corozo,Caicedo,Chelsea,https://resources.premierleague.com/premierleague/badges/70/t8.png,Midfielder,2026-27,13,0,0,0,0,0,5300000,https://resources.premierleague.com/premierleague/photos/players/110x140/p486672.png,687626.0,2001-11-02,86000000.0,631,Chelsea FC,631
161,Roméo Lavia,Lavia,Chelsea,https://resources.premierleague.com/premierleague/badges/70/t8.png,Midfielder,2026-27,258,1,0,0,8,0,5000000,https://resources.premierleague.com/premierleague/photos/players/110x140/p514356.png,628451.0,2004-01-06,18920000.0,631,Chelsea FC,631
163,Dário Luís Essugo,D.Essugo,Chelsea,https://resources.premierleague.com/premierleague/badges/70/t8.png,Midfielder,2026-27,0,0,0,0,0,0,4500000,,670717.0,2005-03-14,12900000.0,631,Chelsea FC,631
164,Geovany Quenda,Quenda,Chelsea,https://resources.premierleague.com/premierleague/badges/70/t8.png,Midfielder,2026-27,27,0,0,0,2,0,5300000,,1138758.0,2007-04-30,36120000.0,336,Sporting CP,336
165,João Pedro Junqueira de Jesus,João Pedro,Chelsea,https://resources.premierleague.com/premierleague/badges/70/t8.png,Forward,2026-27,360,3,3,0,9,0,7700000,https://resources.premierleague.com/premierleague/photos/players/110x140/p475168.png,626724.0,2001-09-26,68800000.0,631,Chelsea FC,631
168,Marc Guiu Paz,Marc Guiu,Chelsea,https://resources.premierleague.com/premierleague/badges/70/t8.png,Forward,2026-27,0,0,0,0,0,0,5000000,https://resources.premierleague.com/premierleague/photos/players/110x140/p499309.png,938158.0,2006-01-04,10320000.0,631,Chelsea FC,631
169,Shumaira Mheuka,Mheuka,Chelsea,https://resources.premierleague.com/premierleague/badges/70/t8.png,Forward,2026-27,0,0,0,0,0,0,4500000,,982097.0,2007-10-20,688000.0,,,
170,Emmanuel Emegha,Emegha,Chelsea,https://resources.premierleague.com/premierleague/badges/70/t8.png,Forward,2026-27,0,0,0,0,0,0,5000000,,559328.0,2003-02-03,21500000.0,667,RC Strasbourg Alsace,667
200,Maxence Lacroix,Lacroix,Chelsea,https://resources.premierleague.com/premierleague/badges/70/t8.png,Defender,2026-27,364,0,1,0,10,0,5900000,https://resources.premierleague.com/premierleague/photos/players/110x140/p437499.png,434224.0,2000-04-06,43000000.0,873,Crystal Palace,873
560,Mike Penders,Penders,Chelsea,https://resources.premierleague.com/premierleague/badges/70/t8.png,Goalkeeper,2026-27,0,0,0,0,0,0,4400000,,834397.0,2005-07-31,21500000.0,667,RC Strasbourg Alsace,667
561,Aaron Anselmino,Anselmino,Chelsea,https://resources.premierleague.com/premierleague/badges/70/t8.png,Defender,2026-27,0,0,0,0,0,0,4500000,,1145504.0,2005-04-29,8600000.0,667,RC Strasbourg Alsace,667
568,Valentín Barco,Barco,Chelsea,https://resources.premierleague.com/premierleague/badges/70/t8.png,Midfielder,2026-27,115,0,0,0,3,0,5400000,https://resources.premierleague.com/premierleague/photos/players/110x140/p543158.png,849410.0,2004-07-23,34400000.0,667,RC Strasbourg Alsace,667
583,Pep Chavarría,Chavarria,Chelsea,https://resources.premierleague.com/premierleague/badges/70/t8.png,Defender,2026-27,208,0,0,0,4,0,4900000,,596122.0,1998-04-10,8600000.0,367,Rayo Vallecano,367
662,Mahdi Nicoll-Jazuli,Nicoll-Jazuli,Chelsea,https://resources.premierleague.com/premierleague/badges/70/t8.png,Midfielder,2026-27,3,0,0,0,1,0,4500000,,,,,,,
91,Ethan Pinnock,Pinnock,Coventry City,https://resources.premierleague.com/premierleague/badges/70/t9.png,Defender,2026-27,282,0,0,1,7,0,4500000,https://resources.premierleague.com/premierleague/photos/players/110x140/p231065.png,442248.0,1993-05-29,2580000.0,1148,Brentford FC,1148
104,Frank Onyeka,Onyeka,Coventry City,https://resources.premierleague.com/premierleague/badges/70/t9.png,Midfielder,2026-27,314,0,0,1,7,0,4900000,https://resources.premierleague.com/premierleague/photos/players/110x140/p428580.png,421637.0,1998-01-01,6880000.0,,,
110,Carl Rushworth,Rushworth,Coventry City,https://resources.premierleague.com/premierleague/badges/70/t9.png,Goalkeeper,2026-27,450,0,1,1,10,9,4500000,https://resources.premierleague.com/premierleague/photos/players/110x140/p472739.png,646353.0,2001-07-02,13760000.0,,,
171,Oliver Dovin,Dovin,Coventry City,https://resources.premierleague.com/premierleague/badges/70/t9.png,Goalkeeper,2026-27,0,0,0,0,0,0,4000000,,,,,,,
172,Ben Wilson,Wilson,Coventry City,https://resources.premierleague.com/premierleague/badges/70/t9.png,Goalkeeper,2026-27,0,0,0,0,0,0,4400000,,,,,,,
173,Bobby Thomas,Thomas,Coventry City,https://resources.premierleague.com/premierleague/badges/70/t9.png,Defender,2026-27,437,0,0,2,9,0,4000000,https://resources.premierleague.com/premierleague/photos/players/110x140/p461102.png,,,,,,
174,Liam Kitching,Kitching,Coventry City,https://resources.premierleague.com/premierleague/badges/70/t9.png,Defender,2026-27,0,0,0,0,0,0,4000000,,,,,,,
175,Milan van Ewijk,van Ewijk,Coventry City,https://resources.premierleague.com/premierleague/badges/70/t9.png,Defender,2026-27,360,0,0,0,10,0,4000000,,587335.0,2000-09-08,4300000.0,306,SC Heerenveen,306
176,Jay Dasilva,Dasilva,Coventry City,https://resources.premierleague.com/premierleague/badges/70/t9.png,Defender,2026-27,444,1,0,1,10,0,4000000,,258915.0,1998-04-22,7740000.0,,,
177,Kaine Kesler-Hayden,Kesler-Hayden,Coventry City,https://resources.premierleague.com/premierleague/badges/70/t9.png,Defender,2026-27,0,0,0,0,0,0,3900000,,,,,,,
178,Jake Bidwell,Bidwell,Coventry City,https://resources.premierleague.com/premierleague/badges/70/t9.png,Defender,2026-27,0,0,0,0,0,0,4000000,,,,,,,
179,Joel Latibeaudiere,Latibeaudiere,Coventry City,https://resources.premierleague.com/premierleague/badges/70/t9.png,Defender,2026-27,1,0,0,0,0,0,4000000,https://resources.premierleague.com/premierleague/photos/players/110x140/p204813.png,,,,,,
180,Luke Woolfenden,Woolfenden,Coventry City,https://resources.premierleague.com/premierleague/badges/70/t9.png,Defender,2026-27,0,0,0,0,0,0,4000000,https://resources.premierleague.com/premierleague/photos/players/110x140/p220583.png,,,,,,
181,Miguel Brau,Brau,Coventry City,https://resources.premierleague.com/premierleague/badges/70/t9.png,Defender,2026-27,0,0,0,0,0,0,4000000,,,,,,,
182,Aurèle Amenda,Amenda,Coventry City,https://resources.premierleague.com/premierleague/badges/70/t9.png,Defender,2026-27,360,0,0,0,10,0,4000000,,635645.0,2003-07-31,8600000.0,24,Eintracht Frankfurt,24
183,Jack Rudoni,Rudoni,Coventry City,https://resources.premierleague.com/premierleague/badges/70/t9.png,Midfielder,2026-27,297,0,0,2,4,0,4900000,,,,,,,
184,Matt Grimes,Grimes,Coventry City,https://resources.premierleague.com/premierleague/badges/70/t9.png,Midfielder,2026-27,443,0,0,1,9,0,4900000,https://resources.premierleague.com/premierleague/photos/players/110x140/p168144.png,265471.0,1995-07-15,6020000.0,2288,Swansea City,2288
185,Tatsuhiro Sakamoto,Sakamoto,Coventry City,https://resources.premierleague.com/premierleague/badges/70/t9.png,Midfielder,2026-27,31,0,0,0,1,0,4800000,,,,,,,
186,Ephron Mason-Clark,Mason-Clark,Coventry City,https://resources.premierleague.com/premierleague/badges/70/t9.png,Midfielder,2026-27,231,0,0,0,3,0,5300000,,,,,,,
187,Josh Eccles,Eccles,Coventry City,https://resources.premierleague.com/premierleague/badges/70/t9.png,Midfielder,2026-27,0,0,0,0,0,0,4800000,,,,,,,
188,Victor Torp,Torp,Coventry City,https://resources.premierleague.com/premierleague/badges/70/t9.png,Midfielder,2026-27,53,0,0,0,2,0,5300000,,,,,,,
189,George Shepherd,Shepherd,Coventry City,https://resources.premierleague.com/premierleague/badges/70/t9.png,Midfielder,2026-27,0,0,0,0,0,0,4400000,,,,,,,
190,Loum Tchaouna,Tchaouna,Coventry City,https://resources.premierleague.com/premierleague/badges/70/t9.png,Midfielder,2026-27,211,0,0,0,3,0,5400000,,607226.0,2003-09-08,11180000.0,1132,Burnley FC,1132
191,Raphael Borges Rodrigues,Borges Rodrigues,Coventry City,https://resources.premierleague.com/premierleague/badges/70/t9.png,Midfielder,2026-27,0,0,0,0,0,0,4500000,,,,,,,
192,Kai Andrews,Andrews,Coventry City,https://resources.premierleague.com/premierleague/badges/70/t9.png,Midfielder,2026-27,0,0,0,0,0,0,4500000,,,,,,,
193,Haji Wright,Wright,Coventry City,https://resources.premierleague.com/premierleague/badges/70/t9.png,Forward,2026-27,0,0,0,0,0,0,5400000,,315291.0,1998-03-27,13760000.0,,,
194,Brandon Thomas-Asante,Thomas-Asante,Coventry City,https://resources.premierleague.com/premierleague/badges/70/t9.png,Forward,2026-27,227,0,0,1,6,0,5000000,,,,,,,
195,Ellis Simms,Simms,Coventry City,https://resources.premierleague.com/premierleague/badges/70/t9.png,Forward,2026-27,104,0,0,0,3,0,4900000,https://resources.premierleague.com/premierleague/photos/players/110x140/p218997.png,511550.0,2001-01-05,5160000.0,29,Everton FC,29
196,Jahnoah Markelo,Markelo,Coventry City,https://resources.premierleague.com/premierleague/badges/70/t9.png,Forward,2026-27,0,0,0,0,0,0,5000000,,,,,,,
197,Norman Bassette,Bassette,Coventry City,https://resources.premierleague.com/premierleague/badges/70/t9.png,Forward,2026-27,0,0,0,0,0,0,4500000,,,,,,,
492,Taiwo Awoniyi,Awoniyi,Coventry City,https://resources.premierleague.com/premierleague/badges/70/t9.png,Forward,2026-27,232,0,0,0,7,0,5400000,https://resources.premierleague.com/premierleague/photos/players/110x140/p210156.png,295313.0,1997-08-12,6880000.0,703,Nottingham Forest,703
575,Caleb Yirenkyi,Yirenkyi,Coventry City,https://resources.premierleague.com/premierleague/badges/70/t9.png,Midfielder,2026-27,265,0,0,2,5,0,4800000,,1240763.0,2006-01-15,8600000.0,2778,FC Nordsjaelland,2778
584,Gustavo Hamer,Hamer,Coventry City,https://resources.premierleague.com/premierleague/badges/70/t9.png,Midfielder,2026-27,32,0,0,0,1,0,5400000,https://resources.premierleague.com/premierleague/photos/players/110x140/p196100.png,322985.0,1997-06-24,12900000.0,350,Sheffield United,350
599,Sidiki Cherif,Cherif,Coventry City,https://resources.premierleague.com/premierleague/badges/70/t9.png,Forward,2026-27,30,0,0,0,3,0,5000000,,986288.0,2006-12-15,15480000.0,36,Fenerbahce,36
623,Dan Bentley,Bentley,Coventry City,https://resources.premierleague.com/premierleague/badges/70/t9.png,Goalkeeper,2026-27,0,0,0,0,0,0,4000000,https://resources.premierleague.com/premierleague/photos/players/110x140/p79602.png,,,,,,
655,Yann Gboho,Gboho,Coventry City,https://resources.premierleague.com/premierleague/badges/70/t9.png,Midfielder,2026-27,0,0,0,0,0,0,5500000,,463613.0,2001-01-14,15480000.0,415,FC Toulouse,415
656,Stephen Mfuni,Mfuni,Coventry City,https://resources.premierleague.com/premierleague/badges/70/t9.png,Defender,2026-27,90,0,0,1,0,0,4000000,,,,,,,
42,Evann Guessand,Guessand,Crystal Palace,https://resources.premierleague.com/premierleague/badges/70/t31.png,Midfielder,2026-27,54,0,0,0,1,0,5400000,,500689.0,2001-07-01,21500000.0,873,Crystal Palace,873
153,Axel Disasi,Disasi,Crystal Palace,https://resources.premierleague.com/premierleague/badges/70/t31.png,Defender,2026-27,139,0,0,0,6,0,4500000,https://resources.premierleague.com/premierleague/photos/players/110x140/p220362.png,386047.0,1998-03-11,12900000.0,379,West Ham United,379
198,Dean Henderson,Henderson,Crystal Palace,https://resources.premierleague.com/premierleague/badges/70/t31.png,Goalkeeper,2026-27,270,0,0,0,8,12,5000000,https://resources.premierleague.com/premierleague/photos/players/110x140/p172649.png,258919.0,1997-03-12,24080000.0,873,Crystal Palace,873
199,Walter Benítez,Benitez,Crystal Palace,https://resources.premierleague.com/premierleague/badges/70/t31.png,Goalkeeper,2026-27,180,0,0,1,3,5,4500000,,296802.0,1993-01-19,3440000.0,873,Crystal Palace,873
202,Chris Richards,Richards,Crystal Palace,https://resources.premierleague.com/premierleague/badges/70/t31.png,Defender,2026-27,450,0,0,1,11,0,5000000,https://resources.premierleague.com/premierleague/photos/players/110x140/p427623.png,578539.0,2000-03-28,24080000.0,873,Crystal Palace,873
203,Jaydee Canvot,Canvot,Crystal Palace,https://resources.premierleague.com/premierleague/badges/70/t31.png,Defender,2026-27,360,0,0,1,8,0,4800000,,1006411.0,2006-07-29,24080000.0,873,Crystal Palace,873
204,Tyrick Mitchell,Mitchell,Crystal Palace,https://resources.premierleague.com/premierleague/badges/70/t31.png,Defender,2026-27,419,2,0,1,10,0,4500000,https://resources.premierleague.com/premierleague/photos/players/110x140/p244723.png,730893.0,1999-09-01,21500000.0,873,Crystal Palace,873
205,Borna Sosa,Sosa,Crystal Palace,https://resources.premierleague.com/premierleague/badges/70/t31.png,Defender,2026-27,0,0,0,0,0,0,4500000,,293194.0,1998-01-21,2580000.0,873,Crystal Palace,873
206,Chadi Riad Dnanou,Chadi Riad,Crystal Palace,https://resources.premierleague.com/premierleague/badges/70/t31.png,Defender,2026-27,72,0,0,0,2,0,4300000,https://resources.premierleague.com/premierleague/photos/players/110x140/p515621.png,689637.0,2003-06-17,12900000.0,873,Crystal Palace,873
207,Oscar Mingueza,Mingueza,Crystal Palace,https://resources.premierleague.com/premierleague/badges/70/t31.png,Defender,2026-27,16,0,0,0,1,0,4400000,,331505.0,1999-05-13,15480000.0,940,Celta de Vigo,940
208,Ismaïla Sarr,Sarr,Crystal Palace,https://resources.premierleague.com/premierleague/badges/70/t31.png,Midfielder,2026-27,8,0,0,0,0,0,6200000,https://resources.premierleague.com/premierleague/photos/players/110x140/p232185.png,410225.0,1998-02-25,34400000.0,873,Crystal Palace,873
210,Adam Wharton,Wharton,Crystal Palace,https://resources.premierleague.com/premierleague/badges/70/t31.png,Midfielder,2026-27,436,0,0,1,10,0,5400000,https://resources.premierleague.com/premierleague/photos/players/110x140/p496221.png,744149.0,2004-02-06,60200000.0,873,Crystal Palace,873
211,Yéremy Pino Santos,Yeremy,Crystal Palace,https://resources.premierleague.com/premierleague/badges/70/t31.png,Midfielder,2026-27,307,0,2,1,6,0,5500000,,568157.0,2002-10-20,25800000.0,873,Crystal Palace,873
212,Will Hughes,Hughes,Crystal Palace,https://resources.premierleague.com/premierleague/badges/70/t31.png,Midfielder,2026-27,29,0,0,0,1,0,4400000,https://resources.premierleague.com/premierleague/photos/players/110x140/p108413.png,207014.0,1995-04-17,4300000.0,873,Crystal Palace,873
213,Jefferson Lerma Solís,Lerma,Crystal Palace,https://resources.premierleague.com/premierleague/badges/70/t31.png,Midfielder,2026-27,51,0,0,0,1,0,4800000,https://resources.premierleague.com/premierleague/photos/players/110x140/p152551.png,262980.0,1994-10-25,5160000.0,873,Crystal Palace,873
214,Daichi Kamada,Kamada,Crystal Palace,https://resources.premierleague.com/premierleague/badges/70/t31.png,Midfielder,2026-27,441,0,3,1,10,0,5000000,https://resources.premierleague.com/premierleague/photos/players/110x140/p209400.png,356141.0,1996-08-05,8600000.0,873,Crystal Palace,873
215,Justin Devenny,Devenny,Crystal Palace,https://resources.premierleague.com/premierleague/badges/70/t31.png,Midfielder,2026-27,0,0,0,0,0,0,5000000,https://resources.premierleague.com/premierleague/photos/players/110x140/p489706.png,747009.0,2003-10-11,10320000.0,873,Crystal Palace,873
216,Romain Esse,Esse,Crystal Palace,https://resources.premierleague.com/premierleague/badges/70/t31.png,Midfielder,2026-27,0,0,0,0,0,0,5000000,https://resources.premierleague.com/premierleague/photos/players/110x140/p606921.png,967319.0,2005-05-13,8600000.0,,,
217,Matheus França de Oliveira,M.França,Crystal Palace,https://resources.premierleague.com/premierleague/badges/70/t31.png,Midfielder,2026-27,0,0,0,0,0,0,4900000,,743597.0,2004-04-01,5160000.0,978,Club de Regatas Vasco da Gama,978
218,Cheick Doucouré,Doucouré,Crystal Palace,https://resources.premierleague.com/premierleague/badges/70/t31.png,Midfielder,2026-27,0,0,0,0,0,0,4800000,https://resources.premierleague.com/premierleague/photos/players/110x140/p438464.png,543387.0,2000-01-08,8600000.0,873,Crystal Palace,873
219,Jesurun Rak-Sakyi,J.Rak-Sakyi,Crystal Palace,https://resources.premierleague.com/premierleague/badges/70/t31.png,Midfielder,2026-27,0,0,0,0,0,0,4900000,https://resources.premierleague.com/premierleague/photos/players/110x140/p450542.png,586834.0,2002-10-05,5160000.0,512,Stoke City,512
220,Rio Cardines,Cardines,Crystal Palace,https://resources.premierleague.com/premierleague/badges/70/t31.png,Defender,2026-27,0,0,0,0,0,0,4500000,,1047257.0,2006-07-01,258000.0,873,Crystal Palace,873
221,Joél Drakes-Thomas,Drakes-Thomas,Crystal Palace,https://resources.premierleague.com/premierleague/badges/70/t31.png,Midfielder,2026-27,0,0,0,0,0,0,4500000,,1348941.0,2009-06-09,,,,
222,Jørgen Strand Larsen,Strand Larsen,Crystal Palace,https://resources.premierleague.com/premierleague/badges/70/t31.png,Forward,2026-27,298,1,0,1,5,0,6000000,https://resources.premierleague.com/premierleague/photos/players/110x140/p247412.png,429983.0,2000-02-06,34400000.0,873,Crystal Palace,873
223,Jean-Philippe Mateta,Mateta,Crystal Palace,https://resources.premierleague.com/premierleague/badges/70/t31.png,Forward,2026-27,62,0,0,0,2,0,6300000,https://resources.premierleague.com/premierleague/photos/players/110x140/p231747.png,420002.0,1997-06-28,25800000.0,873,Crystal Palace,873
224,Eddie Nketiah,Nketiah,Crystal Palace,https://resources.premierleague.com/premierleague/badges/70/t31.png,Forward,2026-27,175,0,1,0,7,0,5500000,https://resources.premierleague.com/premierleague/photos/players/110x140/p205533.png,340324.0,1999-05-30,8600000.0,873,Crystal Palace,873
225,Christantus Uche,Uche,Crystal Palace,https://resources.premierleague.com/premierleague/badges/70/t31.png,Forward,2026-27,0,0,0,0,0,0,5000000,,1124005.0,2003-05-19,10320000.0,873,Crystal Palace,873
241,Dwight McNeil,McNeil,Crystal Palace,https://resources.premierleague.com/premierleague/badges/70/t31.png,Midfielder,2026-27,84,0,0,0,3,0,5400000,https://resources.premierleague.com/premierleague/photos/players/110x140/p433154.png,584769.0,1999-11-22,15480000.0,29,Everton FC,29
555,Remi Matthews,Matthews,Crystal Palace,https://resources.premierleague.com/premierleague/badges/70/t31.png,Goalkeeper,2026-27,0,0,0,0,0,0,4000000,https://resources.premierleague.com/premierleague/photos/players/110x140/p169593.png,196722.0,1994-02-10,172000.0,873,Crystal Palace,873
577,Takehiro Tomiyasu,Tomiyasu,Crystal Palace,https://resources.premierleague.com/premierleague/badges/70/t31.png,Defender,2026-27,189,0,0,0,5,0,4400000,https://resources.premierleague.com/premierleague/photos/players/110x140/p223723.png,331560.0,1998-11-05,4300000.0,610,Ajax Amsterdam,610
588,Anan Khalaili,Khalaili,Crystal Palace,https://resources.premierleague.com/premierleague/badges/70/t31.png,Defender,2026-27,379,1,0,1,8,0,5000000,,945021.0,2004-09-03,19780000.0,3948,Union Saint-Gilloise,3948
595,Zavier Gozo,Gozo,Crystal Palace,https://resources.premierleague.com/premierleague/badges/70/t31.png,Midfielder,2026-27,28,0,0,0,2,0,5000000,,1007383.0,2007-03-22,5160000.0,6643,Real Salt Lake,6643
633,Honest Ahanor,Ahanor,Crystal Palace,https://resources.premierleague.com/premierleague/badges/70/t31.png,Defender,2026-27,90,0,0,0,3,0,4500000,,1077175.0,2008-02-23,25800000.0,800,Atalanta BC,800
643,Ben Chilwell,Chilwell,Crystal Palace,https://resources.premierleague.com/premierleague/badges/70/t31.png,Defender,2026-27,29,1,0,0,1,0,4500000,https://resources.premierleague.com/premierleague/photos/players/110x140/p172850.png,464738.0,1997-12-11,,,,
644,Quinten Timber,Timber,Crystal Palace,https://resources.premierleague.com/premierleague/badges/70/t31.png,Midfielder,2026-27,253,0,0,1,5,0,5000000,,420213.0,2001-06-17,21500000.0,244,Olympique Marseille,244
647,Darío Osorio,Osorio,Crystal Palace,https://resources.premierleague.com/premierleague/badges/70/t31.png,Midfielder,2026-27,1,0,0,0,0,0,5500000,,881116.0,2004-01-24,12900000.0,865,FC Midtjylland,865
21,Christian Nørgaard,Nørgaard,Everton,https://resources.premierleague.com/premierleague/badges/70/t11.png,Midfielder,2026-27,0,0,0,0,0,0,4900000,https://resources.premierleague.com/premierleague/photos/players/110x140/p128295.png,148367.0,1994-03-10,4300000.0,11,Arsenal FC,11
209,Brennan Johnson,Johnson,Everton,https://resources.premierleague.com/premierleague/badges/70/t11.png,Midfielder,2026-27,238,0,0,2,1,0,5900000,https://resources.premierleague.com/premierleague/photos/players/110x140/p242898.png,470607.0,2001-05-23,25800000.0,873,Crystal Palace,873
226,Jordan Pickford,Pickford,Everton,https://resources.premierleague.com/premierleague/badges/70/t11.png,Goalkeeper,2026-27,450,0,0,3,3,15,5500000,https://resources.premierleague.com/premierleague/photos/players/110x140/p111234.png,130164.0,1994-03-07,11180000.0,29,Everton FC,29
227,Mark Travers,Travers,Everton,https://resources.premierleague.com/premierleague/badges/70/t11.png,Goalkeeper,2026-27,0,0,0,0,0,0,5000000,https://resources.premierleague.com/premierleague/photos/players/110x140/p229600.png,357658.0,1999-05-18,2580000.0,29,Everton FC,29
228,Tom King,King,Everton,https://resources.premierleague.com/premierleague/badges/70/t11.png,Goalkeeper,2026-27,0,0,0,0,0,0,4500000,https://resources.premierleague.com/premierleague/photos/players/110x140/p138001.png,215810.0,1995-03-09,86000.0,29,Everton FC,29
229,James Tarkowski,Tarkowski,Everton,https://resources.premierleague.com/premierleague/badges/70/t11.png,Defender,2026-27,450,1,1,3,3,0,6100000,https://resources.premierleague.com/premierleague/photos/players/110x140/p17761.png,173504.0,1992-11-19,4300000.0,29,Everton FC,29
230,Jarrad Branthwaite,Branthwaite,Everton,https://resources.premierleague.com/premierleague/badges/70/t11.png,Defender,2026-27,450,0,0,3,3,0,5500000,https://resources.premierleague.com/premierleague/photos/players/110x140/p480455.png,661053.0,2002-06-27,34400000.0,29,Everton FC,29
231,Michael Keane,Keane,Everton,https://resources.premierleague.com/premierleague/badges/70/t11.png,Defender,2026-27,0,0,0,0,0,0,4800000,https://resources.premierleague.com/premierleague/photos/players/110x140/p106611.png,118534.0,1993-01-11,2580000.0,29,Everton FC,29
232,Jake O'Brien,O'Brien,Everton,https://resources.premierleague.com/premierleague/badges/70/t11.png,Defender,2026-27,16,0,0,0,0,0,4800000,https://resources.premierleague.com/premierleague/photos/players/110x140/p512462.png,711544.0,2001-05-15,15480000.0,29,Everton FC,29
233,Vitalii Mykolenko,Mykolenko,Everton,https://resources.premierleague.com/premierleague/badges/70/t11.png,Defender,2026-27,450,0,0,3,3,0,4600000,https://resources.premierleague.com/premierleague/photos/players/110x140/p224967.png,404842.0,1999-05-29,21500000.0,29,Everton FC,29
234,Nathan Patterson,Patterson,Everton,https://resources.premierleague.com/premierleague/badges/70/t11.png,Defender,2026-27,0,0,0,0,0,0,4500000,https://resources.premierleague.com/premierleague/photos/players/110x140/p243571.png,424015.0,2001-10-16,8600000.0,29,Everton FC,29
235,Adam Aznou,Aznou,Everton,https://resources.premierleague.com/premierleague/badges/70/t11.png,Defender,2026-27,0,0,0,0,0,0,4000000,,938146.0,2006-06-02,5160000.0,29,Everton FC,29
236,Kiernan Dewsbury-Hall,Dewsbury-Hall,Everton,https://resources.premierleague.com/premierleague/badges/70/t11.png,Midfielder,2026-27,450,1,0,3,3,0,6600000,https://resources.premierleague.com/premierleague/photos/players/110x140/p215413.png,475188.0,1998-09-06,30100000.0,29,Everton FC,29
238,Jack Grealish,Grealish,Everton,https://resources.premierleague.com/premierleague/badges/70/t11.png,Midfielder,2026-27,135,0,0,1,1,0,6500000,https://resources.premierleague.com/premierleague/photos/players/110x140/p114283.png,203460.0,1995-09-10,17200000.0,29,Everton FC,29
239,James Garner,Garner,Everton,https://resources.premierleague.com/premierleague/badges/70/t11.png,Midfielder,2026-27,328,0,0,2,2,0,6000000,https://resources.premierleague.com/premierleague/photos/players/110x140/p232928.png,505219.0,2001-03-13,38700000.0,29,Everton FC,29
242,Tyrique George,George,Everton,https://resources.premierleague.com/premierleague/badges/70/t11.png,Midfielder,2026-27,309,1,0,2,3,0,5500000,https://resources.premierleague.com/premierleague/photos/players/110x140/p550615.png,936874.0,2006-02-04,17200000.0,29,Everton FC,29
243,Carlos Alcaraz Durán,Alcaraz,Everton,https://resources.premierleague.com/premierleague/badges/70/t11.png,Midfielder,2026-27,5,0,0,0,0,0,4900000,https://resources.premierleague.com/premierleague/photos/players/110x140/p502697.png,748319.0,2002-11-30,12900000.0,29,Everton FC,29
244,Harrison Armstrong,Armstrong,Everton,https://resources.premierleague.com/premierleague/badges/70/t11.png,Midfielder,2026-27,446,0,1,3,3,0,5000000,,1107733.0,2007-01-19,10320000.0,29,Everton FC,29
245,Tyler Dibling,Dibling,Everton,https://resources.premierleague.com/premierleague/badges/70/t11.png,Midfielder,2026-27,24,0,0,0,0,0,5400000,https://resources.premierleague.com/premierleague/photos/players/110x140/p496661.png,866655.0,2006-02-17,14620000.0,29,Everton FC,29
246,Merlin Röhl,Röhl,Everton,https://resources.premierleague.com/premierleague/badges/70/t11.png,Midfielder,2026-27,249,0,0,1,2,0,4900000,,608832.0,2002-07-05,13760000.0,29,Everton FC,29
247,Hayden Hackney,Hackney,Everton,https://resources.premierleague.com/premierleague/badges/70/t11.png,Midfielder,2026-27,137,0,1,1,1,0,5400000,,,,,,,
248,Norberto Bercique Gomes Betuncal,Beto,Everton,https://resources.premierleague.com/premierleague/badges/70/t11.png,Forward,2026-27,31,0,0,0,0,0,5400000,https://resources.premierleague.com/premierleague/photos/players/110x140/p486385.png,595809.0,1998-01-31,15480000.0,29,Everton FC,29
249,Thierno Barry,Barry,Everton,https://resources.premierleague.com/premierleague/badges/70/t11.png,Forward,2026-27,417,2,0,3,3,0,5600000,,937941.0,2002-10-21,25800000.0,29,Everton FC,29
649,Ainsley Maitland-Niles,Maitland-Niles,Everton,https://resources.premierleague.com/premierleague/badges/70/t11.png,Defender,2026-27,177,1,0,2,1,0,4500000,https://resources.premierleague.com/premierleague/photos/players/110x140/p154043.png,285845.0,1997-08-29,8600000.0,1041,Olympique Lyon,1041
654,Braiden Graham,Graham,Everton,https://resources.premierleague.com/premierleague/badges/70/t11.png,Midfielder,2026-27,0,0,0,0,0,0,4500000,,1122712.0,2007-11-07,,,,
250,Bernd Leno,Leno,Fulham,https://resources.premierleague.com/premierleague/badges/70/t54.png,Goalkeeper,2026-27,450,0,0,1,8,16,4500000,https://resources.premierleague.com/premierleague/photos/players/110x140/p80201.png,72476.0,1992-03-04,5160000.0,931,Fulham FC,931
251,Benjamin Lecomte,Lecomte,Fulham,https://resources.premierleague.com/premierleague/badges/70/t54.png,Goalkeeper,2026-27,0,0,0,0,0,0,4000000,,127181.0,1991-04-26,688000.0,931,Fulham FC,931
252,Alfie McNally,McNally,Fulham,https://resources.premierleague.com/premierleague/badges/70/t54.png,Goalkeeper,2026-27,0,0,0,0,0,0,4000000,,747950.0,2004-12-22,,,,
253,Joachim Andersen,Andersen,Fulham,https://resources.premierleague.com/premierleague/badges/70/t54.png,Defender,2026-27,190,0,0,0,5,0,5000000,https://resources.premierleague.com/premierleague/photos/players/110x140/p174874.png,260827.0,1996-05-31,17200000.0,931,Fulham FC,931
254,Antonee Robinson,Robinson,Fulham,https://resources.premierleague.com/premierleague/badges/70/t54.png,Defender,2026-27,429,0,0,1,8,0,4500000,https://resources.premierleague.com/premierleague/photos/players/110x140/p169528.png,349701.0,1997-08-08,18920000.0,931,Fulham FC,931
255,Jorge Cuenca Barreno,J.Cuenca,Fulham,https://resources.premierleague.com/premierleague/badges/70/t54.png,Defender,2026-27,90,0,0,0,3,0,4500000,https://resources.premierleague.com/premierleague/photos/players/110x140/p246301.png,494880.0,1999-11-17,6880000.0,931,Fulham FC,931
256,Kenny Tete,Tete,Fulham,https://resources.premierleague.com/premierleague/badges/70/t54.png,Defender,2026-27,27,0,0,0,0,0,4400000,https://resources.premierleague.com/premierleague/photos/players/110x140/p167074.png,206746.0,1995-10-09,6880000.0,931,Fulham FC,931
257,Calvin Bassey,Bassey,Fulham,https://resources.premierleague.com/premierleague/badges/70/t54.png,Defender,2026-27,450,0,1,1,8,0,4500000,https://resources.premierleague.com/premierleague/photos/players/110x140/p232892.png,461883.0,1999-12-31,24080000.0,931,Fulham FC,931
258,Timothy Castagne,Castagne,Fulham,https://resources.premierleague.com/premierleague/badges/70/t54.png,Defender,2026-27,408,0,2,2,7,0,4500000,https://resources.premierleague.com/premierleague/photos/players/110x140/p166477.png,262226.0,1995-12-05,6880000.0,931,Fulham FC,931
261,Alex Iwobi,Iwobi,Fulham,https://resources.premierleague.com/premierleague/badges/70/t54.png,Midfielder,2026-27,408,0,0,2,7,0,5400000,https://resources.premierleague.com/premierleague/photos/players/110x140/p153133.png,242631.0,1996-05-03,17200000.0,931,Fulham FC,931
262,Emile Smith Rowe,Smith Rowe,Fulham,https://resources.premierleague.com/premierleague/badges/70/t54.png,Midfielder,2026-27,38,0,0,0,0,0,5400000,https://resources.premierleague.com/premierleague/photos/players/110x140/p209289.png,392765.0,2000-07-28,17200000.0,931,Fulham FC,931
263,Kevin Santos Lopes de Macedo,Kevin,Fulham,https://resources.premierleague.com/premierleague/badges/70/t54.png,Midfielder,2026-27,61,0,0,0,1,0,5300000,,88755.0,1991-06-28,6880000.0,6195,SSC Napoli,6195
264,Oscar Bobb,Bobb,Fulham,https://resources.premierleague.com/premierleague/badges/70/t54.png,Midfielder,2026-27,343,0,0,3,6,0,5500000,https://resources.premierleague.com/premierleague/photos/players/110x140/p477555.png,661207.0,2003-07-12,24080000.0,931,Fulham FC,931
265,Sander Berge,Berge,Fulham,https://resources.premierleague.com/premierleague/badges/70/t54.png,Midfielder,2026-27,349,0,0,2,5,0,4900000,https://resources.premierleague.com/premierleague/photos/players/110x140/p207189.png,333014.0,1998-02-14,21500000.0,931,Fulham FC,931
266,Tom Cairney,Cairney,Fulham,https://resources.premierleague.com/premierleague/badges/70/t54.png,Midfielder,2026-27,0,0,0,0,0,0,4900000,https://resources.premierleague.com/premierleague/photos/players/110x140/p76357.png,123275.0,1991-01-20,430000.0,931,Fulham FC,931
268,Josh King,King,Fulham,https://resources.premierleague.com/premierleague/badges/70/t54.png,Midfielder,2026-27,425,2,0,2,7,0,5500000,https://resources.premierleague.com/premierleague/photos/players/110x140/p577725.png,1011131.0,2007-01-03,21500000.0,931,Fulham FC,931
269,Ryan Sessegnon,Sessegnon,Fulham,https://resources.premierleague.com/premierleague/badges/70/t54.png,Defender,2026-27,50,0,0,0,1,0,4300000,https://resources.premierleague.com/premierleague/photos/players/110x140/p184349.png,392775.0,2000-05-18,18920000.0,931,Fulham FC,931
270,Harrison Reed,Reed,Fulham,https://resources.premierleague.com/premierleague/badges/70/t54.png,Midfielder,2026-27,0,0,0,0,0,0,4400000,https://resources.premierleague.com/premierleague/photos/players/110x140/p153366.png,226973.0,1995-01-27,1720000.0,931,Fulham FC,931
271,Rodrigo Muniz Carvalho,Muniz,Fulham,https://resources.premierleague.com/premierleague/badges/70/t54.png,Forward,2026-27,38,0,0,0,1,0,5400000,https://resources.premierleague.com/premierleague/photos/players/110x140/p244042.png,735571.0,2001-05-04,17200000.0,931,Fulham FC,931
272,Jonah Kusi-Asare,Kusi-Asare,Fulham,https://resources.premierleague.com/premierleague/badges/70/t54.png,Forward,2026-27,0,0,0,0,0,0,4500000,,1069512.0,2007-07-04,2580000.0,931,Fulham FC,931
569,Gonzalo García,Gonzalo,Fulham,https://resources.premierleague.com/premierleague/badges/70/t54.png,Forward,2026-27,425,1,0,2,7,0,6000000,,935230.0,2004-03-24,25800000.0,418,Real Madrid,418
570,César Palacios,Palacios,Fulham,https://resources.premierleague.com/premierleague/badges/70/t54.png,Midfielder,2026-27,226,1,0,0,7,0,5400000,,948272.0,2004-11-11,6450000.0,,,
580,Shea Charles,Charles,Fulham,https://resources.premierleague.com/premierleague/badges/70/t54.png,Midfielder,2026-27,303,0,0,1,5,0,5000000,https://resources.premierleague.com/premierleague/photos/players/110x140/p463210.png,185764.0,1993-09-18,43000.0,931,Fulham FC,931
610,Luc De Fougerolles,De Fougerolles,Fulham,https://resources.premierleague.com/premierleague/badges/70/t54.png,Defender,2026-27,0,0,0,0,0,0,4000000,,,,,,,
626,Macaulay Zepa,Zepa,Fulham,https://resources.premierleague.com/premierleague/badges/70/t54.png,Midfielder,2026-27,0,0,0,0,0,0,4500000,,,,,,,
635,Hugo Larsson,Larsson,Fulham,https://resources.premierleague.com/premierleague/badges/70/t54.png,Midfielder,2026-27,37,0,0,0,1,0,5000000,,931838.0,2004-06-27,24080000.0,24,Eintracht Frankfurt,24
636,Manuel Ángel Morán Ibáñez,Ángel,Fulham,https://resources.premierleague.com/premierleague/badges/70/t54.png,Midfielder,2026-27,0,0,0,0,0,0,5000000,,,,,,,
650,David Affengruber,Affengruber,Fulham,https://resources.premierleague.com/premierleague/badges/70/t54.png,Defender,2026-27,180,0,0,1,1,0,4500000,,67339.0,1985-09-20,86000.0,931,Fulham FC,931
240,Tim Iroegbunam,Iroegbunam,Hull City,https://resources.premierleague.com/premierleague/badges/70/t88.png,Midfielder,2026-27,70,0,0,0,0,0,5000000,https://resources.premierleague.com/premierleague/photos/players/110x140/p490094.png,696589.0,2003-06-30,15480000.0,29,Everton FC,29
273,Dillon Phillips,Phillips,Hull City,https://resources.premierleague.com/premierleague/badges/70/t88.png,Goalkeeper,2026-27,0,0,0,0,0,0,4000000,,,,,,,
274,Jack Butland,Butland,Hull City,https://resources.premierleague.com/premierleague/badges/70/t88.png,Goalkeeper,2026-27,0,0,0,0,0,0,4500000,https://resources.premierleague.com/premierleague/photos/players/110x140/p105666.png,128899.0,1993-03-10,1290000.0,124,Rangers FC,124
275,Harvey Cartwright,Cartwright,Hull City,https://resources.premierleague.com/premierleague/badges/70/t88.png,Goalkeeper,2026-27,0,0,0,0,0,0,4000000,,459873.0,1996-10-20,215000.0,3008,Hull City,3008
276,Thimothée Lo-Tutala,Lo-Tutala,Hull City,https://resources.premierleague.com/premierleague/badges/70/t88.png,Goalkeeper,2026-27,0,0,0,0,0,0,4000000,https://resources.premierleague.com/premierleague/photos/players/110x140/p444307.png,,,,,,
277,John Egan,Egan,Hull City,https://resources.premierleague.com/premierleague/badges/70/t88.png,Defender,2026-27,437,0,0,3,4,0,4100000,https://resources.premierleague.com/premierleague/photos/players/110x140/p108416.png,121324.0,1992-10-20,860000.0,3008,Hull City,3008
278,Charlie Hughes,Hughes,Hull City,https://resources.premierleague.com/premierleague/badges/70/t88.png,Defender,2026-27,0,0,0,0,0,0,3900000,,,,,,,
279,Semi Ajayi,Ajayi,Hull City,https://resources.premierleague.com/premierleague/badges/70/t88.png,Defender,2026-27,423,1,0,3,4,0,4200000,https://resources.premierleague.com/premierleague/photos/players/110x140/p146426.png,251912.0,1993-11-09,602000.0,3008,Hull City,3008
280,Lewie Coyle,Coyle,Hull City,https://resources.premierleague.com/premierleague/badges/70/t88.png,Defender,2026-27,348,0,0,2,4,0,4000000,,,,,,,
281,Cody Drameh,Drameh,Hull City,https://resources.premierleague.com/premierleague/badges/70/t88.png,Defender,2026-27,65,0,0,0,0,0,4000000,https://resources.premierleague.com/premierleague/photos/players/110x140/p433590.png,,,,,,
282,Ryan Giles,Giles,Hull City,https://resources.premierleague.com/premierleague/badges/70/t88.png,Defender,2026-27,444,0,1,3,4,0,4000000,https://resources.premierleague.com/premierleague/photos/players/110x140/p232351.png,61834.0,1991-06-13,6020000.0,3008,Hull City,3008
283,Matty Jacob,Jacob,Hull City,https://resources.premierleague.com/premierleague/badges/70/t88.png,Defender,2026-27,0,0,0,0,0,0,4000000,,14013.0,1986-03-05,215000.0,3008,Hull City,3008
284,Cathal McCarthy,McCarthy,Hull City,https://resources.premierleague.com/premierleague/badges/70/t88.png,Defender,2026-27,0,0,0,0,0,0,4000000,,,,,,,
285,Paddy McNair,McNair,Hull City,https://resources.premierleague.com/premierleague/badges/70/t88.png,Defender,2026-27,26,0,0,0,0,0,4000000,https://resources.premierleague.com/premierleague/photos/players/110x140/p160817.png,167268.0,1995-04-27,1290000.0,3008,Hull City,3008
286,Mohamed Belloumi,Belloumi,Hull City,https://resources.premierleague.com/premierleague/badges/70/t88.png,Midfielder,2026-27,394,2,2,3,3,0,5100000,,,,,,,
287,Liam Millar,Millar,Hull City,https://resources.premierleague.com/premierleague/badges/70/t88.png,Midfielder,2026-27,50,1,0,0,0,0,5000000,,487417.0,1999-09-27,1462000.0,3008,Hull City,3008
288,Kieran Dowell,Dowell,Hull City,https://resources.premierleague.com/premierleague/badges/70/t88.png,Midfielder,2026-27,0,0,0,0,0,0,4500000,https://resources.premierleague.com/premierleague/photos/players/110x140/p171270.png,,,,,,
289,Matt Crooks,Crooks,Hull City,https://resources.premierleague.com/premierleague/badges/70/t88.png,Midfielder,2026-27,203,0,0,1,4,0,4400000,,,,,,,
290,Regan Slater,Slater,Hull City,https://resources.premierleague.com/premierleague/badges/70/t88.png,Midfielder,2026-27,437,0,1,3,4,0,4500000,https://resources.premierleague.com/premierleague/photos/players/110x140/p243413.png,,,,,,
291,Eliot Matazo,Matazo,Hull City,https://resources.premierleague.com/premierleague/badges/70/t88.png,Midfielder,2026-27,0,0,0,0,0,0,4500000,,535834.0,2002-02-15,1720000.0,3008,Hull City,3008
292,Abdülkadir Ömür,Ömür,Hull City,https://resources.premierleague.com/premierleague/badges/70/t88.png,Midfielder,2026-27,0,0,0,0,0,0,4900000,,271495.0,1999-06-25,1290000.0,589,Antalyaspor,589
293,Abu Kamara,Kamara,Hull City,https://resources.premierleague.com/premierleague/badges/70/t88.png,Midfielder,2026-27,0,0,0,0,0,0,5000000,https://resources.premierleague.com/premierleague/photos/players/110x140/p490161.png,,,,,,
294,Óscar Zambrano,Zambrano,Hull City,https://resources.premierleague.com/premierleague/badges/70/t88.png,Midfielder,2026-27,0,0,0,0,0,0,4500000,,,,,,,
295,Oli McBurnie,McBurnie,Hull City,https://resources.premierleague.com/premierleague/badges/70/t88.png,Forward,2026-27,441,0,2,3,4,0,5500000,https://resources.premierleague.com/premierleague/photos/players/110x140/p169432.png,298477.0,1996-06-04,2150000.0,3008,Hull City,3008
296,David Akintola,Akintola,Hull City,https://resources.premierleague.com/premierleague/badges/70/t88.png,Midfielder,2026-27,0,0,0,0,0,0,5000000,,68183.0,1989-05-29,860000.0,3008,Hull City,3008
297,Darko Gyabi,Gyabi,Hull City,https://resources.premierleague.com/premierleague/badges/70/t88.png,Midfielder,2026-27,0,0,0,0,0,0,4400000,https://resources.premierleague.com/premierleague/photos/players/110x140/p470294.png,,,,,,
298,Enis Destan,Destan,Hull City,https://resources.premierleague.com/premierleague/badges/70/t88.png,Forward,2026-27,0,0,0,0,0,0,4500000,,,,,,,
299,Mason Burstow,Burstow,Hull City,https://resources.premierleague.com/premierleague/badges/70/t88.png,Forward,2026-27,0,0,0,0,0,0,4500000,https://resources.premierleague.com/premierleague/photos/players/110x140/p534392.png,61834.0,1991-06-13,6020000.0,3008,Hull City,3008
340,Joe Gelhardt,Gelhardt,Hull City,https://resources.premierleague.com/premierleague/badges/70/t88.png,Midfielder,2026-27,7,0,0,0,0,0,5000000,https://resources.premierleague.com/premierleague/photos/players/110x140/p462635.png,73492.0,1990-11-26,430000.0,3008,Hull City,3008
556,Matt Targett,Targett,Hull City,https://resources.premierleague.com/premierleague/badges/70/t88.png,Defender,2026-27,5,0,0,0,0,0,4000000,https://resources.premierleague.com/premierleague/photos/players/110x140/p169359.png,250478.0,1995-09-18,2580000.0,641,Middlesbrough FC,641
563,Hidemasa Morita,Morita,Hull City,https://resources.premierleague.com/premierleague/badges/70/t88.png,Midfielder,2026-27,45,0,0,0,0,0,5000000,,524315.0,1995-05-10,6880000.0,336,Sporting CP,336
572,Konstantinos Tzolakis,Tzolakis,Hull City,https://resources.premierleague.com/premierleague/badges/70/t88.png,Goalkeeper,2026-27,450,0,0,3,4,17,4600000,,554389.0,2002-11-08,15480000.0,683,Olympiakos Syndesmos Filathlon Peiraios,683
574,Jens Hjertø-Dahl,Hjertø-Dahl,Hull City,https://resources.premierleague.com/premierleague/badges/70/t88.png,Midfielder,2026-27,8,0,0,0,0,0,4900000,,923535.0,2005-10-31,8600000.0,1293,Tromsø Idrettslag,1293
576,Elliot Stroud,Stroud,Hull City,https://resources.premierleague.com/premierleague/badges/70/t88.png,Midfielder,2026-27,249,0,0,2,1,0,5000000,,,,,,,
585,Lucas Herrington,Herrington,Hull City,https://resources.premierleague.com/premierleague/badges/70/t88.png,Defender,2026-27,197,0,0,0,3,0,4000000,,,,,,,
586,Nobel Mendy,Mendy,Hull City,https://resources.premierleague.com/premierleague/badges/70/t88.png,Defender,2026-27,249,1,0,2,1,0,4100000,,1034853.0,2004-09-03,6450000.0,367,Rayo Vallecano,367
589,Lucas Gourna-Douath,Gourna-Douath,Hull City,https://resources.premierleague.com/premierleague/badges/70/t88.png,Midfielder,2026-27,138,0,0,1,0,0,5000000,,620313.0,2003-08-05,5160000.0,738,Le Havre AC,738
617,Mohamed-Ali Cho,Cho,Hull City,https://resources.premierleague.com/premierleague/badges/70/t88.png,Midfielder,2026-27,72,1,0,0,1,0,5000000,,670847.0,2004-01-19,12900000.0,417,OGC Nice,417
632,Ilyas Ansah,Ansah,Hull City,https://resources.premierleague.com/premierleague/badges/70/t88.png,Forward,2026-27,0,0,0,0,0,0,5000000,,1035765.0,2004-11-08,10320000.0,89,1.FC Union Berlin,89
637,Robinio Vaz,Vaz,Hull City,https://resources.premierleague.com/premierleague/badges/70/t88.png,Forward,2026-27,20,0,0,0,0,0,5000000,,1131161.0,2007-02-17,15480000.0,12,Associazione Sportiva Roma,12
638,Brooke Norton-Cuffy,Norton-Cuffy,Hull City,https://resources.premierleague.com/premierleague/badges/70/t88.png,Defender,2026-27,34,0,0,0,0,0,4000000,,728733.0,2004-01-12,12900000.0,252,Genoa CFC,252
642,Sorba Thomas,Thomas,Hull City,https://resources.premierleague.com/premierleague/badges/70/t88.png,Midfielder,2026-27,119,0,0,0,3,0,5500000,,475416.0,1999-01-25,12040000.0,512,Stoke City,512
645,Christos Mouzakitis,Mouzakitis,Hull City,https://resources.premierleague.com/premierleague/badges/70/t88.png,Midfielder,2026-27,0,0,0,0,0,0,5000000,,964426.0,2006-12-25,21500000.0,683,Olympiakos Syndesmos Filathlon Peiraios,683
259,Issa Diop,Diop,Ipswich Town,https://resources.premierleague.com/premierleague/badges/70/t40.png,Defender,2026-27,450,0,0,0,11,0,4000000,https://resources.premierleague.com/premierleague/photos/players/110x140/p219924.png,272622.0,1997-01-09,6880000.0,931,Fulham FC,931
267,Saša Lukić,Lukić,Ipswich Town,https://resources.premierleague.com/premierleague/badges/70/t40.png,Midfielder,2026-27,400,0,1,0,10,0,4900000,https://resources.premierleague.com/premierleague/photos/players/110x140/p212314.png,245056.0,1996-08-13,8600000.0,931,Fulham FC,931
300,Christian Walton,Walton,Ipswich Town,https://resources.premierleague.com/premierleague/badges/70/t40.png,Goalkeeper,2026-27,90,0,0,0,1,1,4400000,https://resources.premierleague.com/premierleague/photos/players/110x140/p108813.png,208379.0,1995-11-09,774000.0,677,Ipswich Town,677
301,Alex Palmer,Palmer,Ipswich Town,https://resources.premierleague.com/premierleague/badges/70/t40.png,Goalkeeper,2026-27,0,0,0,0,0,0,4000000,https://resources.premierleague.com/premierleague/photos/players/110x140/p112520.png,245625.0,1996-08-10,774000.0,677,Ipswich Town,677
302,David Button,Button,Ipswich Town,https://resources.premierleague.com/premierleague/badges/70/t40.png,Goalkeeper,2026-27,0,0,0,0,0,0,4000000,https://resources.premierleague.com/premierleague/photos/players/110x140/p50093.png,,,,,,
303,Cédric Kipré,Kipré,Ipswich Town,https://resources.premierleague.com/premierleague/badges/70/t40.png,Defender,2026-27,0,0,0,0,0,0,3900000,https://resources.premierleague.com/premierleague/photos/players/110x140/p183015.png,,,,,,
304,Dara O'Shea,O'Shea,Ipswich Town,https://resources.premierleague.com/premierleague/badges/70/t40.png,Defender,2026-27,450,0,0,0,11,0,4000000,https://resources.premierleague.com/premierleague/photos/players/110x140/p216616.png,401320.0,1999-03-04,13760000.0,677,Ipswich Town,677
305,Leif Davis,Davis,Ipswich Town,https://resources.premierleague.com/premierleague/badges/70/t40.png,Defender,2026-27,450,2,2,0,11,0,4000000,https://resources.premierleague.com/premierleague/photos/players/110x140/p455084.png,596446.0,1999-12-31,17200000.0,677,Ipswich Town,677
306,Jacob Greaves,Greaves,Ipswich Town,https://resources.premierleague.com/premierleague/badges/70/t40.png,Defender,2026-27,357,0,0,0,10,0,4000000,https://resources.premierleague.com/premierleague/photos/players/110x140/p449429.png,693095.0,2000-09-12,13760000.0,677,Ipswich Town,677
307,Ben Johnson,Johnson,Ipswich Town,https://resources.premierleague.com/premierleague/badges/70/t40.png,Defender,2026-27,0,0,0,0,0,0,4000000,https://resources.premierleague.com/premierleague/photos/players/110x140/p222018.png,468002.0,2000-01-24,6020000.0,677,Ipswich Town,677
308,Darnell Furlong,Furlong,Ipswich Town,https://resources.premierleague.com/premierleague/badges/70/t40.png,Defender,2026-27,17,0,0,0,1,0,3900000,https://resources.premierleague.com/premierleague/photos/players/110x140/p176420.png,,,,,,
309,Marcelino Núñez,Núñez,Ipswich Town,https://resources.premierleague.com/premierleague/badges/70/t40.png,Midfielder,2026-27,140,0,0,0,4,0,4900000,,715558.0,2000-03-01,12040000.0,677,Ipswich Town,677
310,Azor Matusiwa,Matusiwa,Ipswich Town,https://resources.premierleague.com/premierleague/badges/70/t40.png,Midfielder,2026-27,0,0,0,0,0,0,4900000,,315145.0,1998-04-28,9460000.0,677,Ipswich Town,677
311,Wes Burns,Burns,Ipswich Town,https://resources.premierleague.com/premierleague/badges/70/t40.png,Midfielder,2026-27,0,0,0,0,0,0,5000000,https://resources.premierleague.com/premierleague/photos/players/110x140/p149929.png,255731.0,1994-11-23,1032000.0,677,Ipswich Town,677
312,Jack Taylor,Taylor,Ipswich Town,https://resources.premierleague.com/premierleague/badges/70/t40.png,Midfielder,2026-27,0,0,0,0,0,0,4400000,https://resources.premierleague.com/premierleague/photos/players/110x140/p231899.png,458178.0,1998-06-23,2580000.0,677,Ipswich Town,677
313,Jack Clarke,Clarke,Ipswich Town,https://resources.premierleague.com/premierleague/badges/70/t40.png,Midfielder,2026-27,170,1,0,0,2,0,5400000,https://resources.premierleague.com/premierleague/photos/players/110x140/p443261.png,559794.0,2000-11-23,12900000.0,677,Ipswich Town,677
314,Chiedozie Ogbene,Ogbene,Ipswich Town,https://resources.premierleague.com/premierleague/badges/70/t40.png,Midfielder,2026-27,0,0,0,0,0,0,4900000,https://resources.premierleague.com/premierleague/photos/players/110x140/p229164.png,392591.0,1997-05-01,3440000.0,350,Sheffield United,350
315,Abdul Fatawu,Fatawu,Ipswich Town,https://resources.premierleague.com/premierleague/badges/70/t40.png,Midfielder,2026-27,352,0,1,0,10,0,5400000,https://resources.premierleague.com/premierleague/photos/players/110x140/p531442.png,864121.0,2004-03-08,17200000.0,1003,Leicester City,1003
316,Emersonn Correia da Silva,Emersonn,Ipswich Town,https://resources.premierleague.com/premierleague/badges/70/t40.png,Forward,2026-27,317,2,1,0,6,0,5500000,,57370.0,1988-05-17,172000.0,71085,Macarthur FC,71085
317,George Hirst,Hirst,Ipswich Town,https://resources.premierleague.com/premierleague/badges/70/t40.png,Forward,2026-27,0,0,0,0,0,0,5000000,https://resources.premierleague.com/premierleague/photos/players/110x140/p222625.png,420808.0,1999-02-15,8600000.0,677,Ipswich Town,677
318,Jaden Philogene,Philogene,Ipswich Town,https://resources.premierleague.com/premierleague/badges/70/t40.png,Midfielder,2026-27,52,0,0,0,1,0,5400000,,665390.0,2002-02-08,15480000.0,677,Ipswich Town,677
319,Sam Szmodics,Szmodics,Ipswich Town,https://resources.premierleague.com/premierleague/badges/70/t40.png,Midfielder,2026-27,0,0,0,0,0,0,5000000,https://resources.premierleague.com/premierleague/photos/players/110x140/p172453.png,123551.0,1991-09-10,344000.0,,,
320,Chuba Akpom,Akpom,Ipswich Town,https://resources.premierleague.com/premierleague/badges/70/t40.png,Forward,2026-27,78,1,0,0,4,0,5000000,https://resources.premierleague.com/premierleague/photos/players/110x140/p147675.png,197642.0,1995-10-09,5160000.0,677,Ipswich Town,677
321,Sindre Walle Egeli,Walle Egeli,Ipswich Town,https://resources.premierleague.com/premierleague/badges/70/t40.png,Forward,2026-27,10,0,0,0,0,0,4500000,,,,,,,
322,Ali Al-Hamadi,Al-Hamadi,Ipswich Town,https://resources.premierleague.com/premierleague/badges/70/t40.png,Forward,2026-27,0,0,0,0,0,0,5000000,https://resources.premierleague.com/premierleague/photos/players/110x140/p462387.png,,,,,,
323,Kasey McAteer,McAteer,Ipswich Town,https://resources.premierleague.com/premierleague/badges/70/t40.png,Midfielder,2026-27,42,0,0,0,0,0,4400000,https://resources.premierleague.com/premierleague/photos/players/110x140/p461587.png,621193.0,2001-11-22,8600000.0,677,Ipswich Town,677
324,Anis Mehmeti,Mehmeti,Ipswich Town,https://resources.premierleague.com/premierleague/badges/70/t40.png,Midfielder,2026-27,0,0,0,0,0,0,4800000,,530813.0,2001-01-09,,,,
554,Kayne van Oevelen,Van Oevelen,Ipswich Town,https://resources.premierleague.com/premierleague/badges/70/t40.png,Goalkeeper,2026-27,0,0,0,0,0,0,4500000,,,,,,,
562,Daizen Maeda,Maeda,Ipswich Town,https://resources.premierleague.com/premierleague/badges/70/t40.png,Midfielder,2026-27,259,0,0,0,8,0,5300000,,420931.0,1997-10-20,11180000.0,371,Celtic FC,371
564,Kjell Scherpen,Scherpen,Ipswich Town,https://resources.premierleague.com/premierleague/badges/70/t40.png,Goalkeeper,2026-27,360,0,0,0,10,15,4500000,https://resources.premierleague.com/premierleague/photos/players/110x140/p240514.png,463527.0,2000-01-23,6880000.0,3948,Union Saint-Gilloise,3948
571,Florentino Ibrain Morris Luís,Florentino,Ipswich Town,https://resources.premierleague.com/premierleague/badges/70/t40.png,Midfielder,2026-27,30,0,0,0,0,0,4800000,,,,,,,
591,Julio Enciso,Enciso,Ipswich Town,https://resources.premierleague.com/premierleague/badges/70/t40.png,Midfielder,2026-27,413,0,2,0,11,0,5500000,https://resources.premierleague.com/premierleague/photos/players/110x140/p474120.png,660867.0,2004-01-23,21500000.0,667,RC Strasbourg Alsace,667
592,Abdoul Ouattara,Ouattara,Ipswich Town,https://resources.premierleague.com/premierleague/badges/70/t40.png,Defender,2026-27,131,0,0,0,2,0,4000000,,991487.0,2005-10-22,12900000.0,667,RC Strasbourg Alsace,667
602,Cameron Humphreys,Humphreys,Ipswich Town,https://resources.premierleague.com/premierleague/badges/70/t40.png,Midfielder,2026-27,0,0,0,0,0,0,4500000,https://resources.premierleague.com/premierleague/photos/players/110x140/p524180.png,,,,,,
619,Exequiel Palacios,Palacios,Ipswich Town,https://resources.premierleague.com/premierleague/badges/70/t40.png,Midfielder,2026-27,275,0,0,0,7,0,5000000,,401578.0,1998-10-05,21500000.0,15,Bayer 04 Leverkusen,15
640,Zian Flemming,Flemming,Ipswich Town,https://resources.premierleague.com/premierleague/badges/70/t40.png,Forward,2026-27,60,1,0,0,1,0,5500000,,411537.0,1998-08-01,10320000.0,1132,Burnley FC,1132
260,Harry Wilson,Wilson,Leeds,https://resources.premierleague.com/premierleague/badges/70/t2.png,Midfielder,2026-27,145,0,0,1,1,0,6200000,https://resources.premierleague.com/premierleague/photos/players/110x140/p153682.png,1108476.0,2008-10-08,,,,
326,Lucas Estella Perri,Perri,Leeds,https://resources.premierleague.com/premierleague/badges/70/t2.png,Goalkeeper,2026-27,0,0,0,0,0,0,4500000,https://resources.premierleague.com/premierleague/photos/players/110x140/p201595.png,352041.0,1997-12-10,8600000.0,399,Leeds United,399
327,Jaka Bijol,Bijol,Leeds,https://resources.premierleague.com/premierleague/badges/70/t2.png,Defender,2026-27,164,0,0,1,2,0,5000000,,371851.0,1999-02-05,17200000.0,399,Leeds United,399
329,Joe Rodon,Rodon,Leeds,https://resources.premierleague.com/premierleague/badges/70/t2.png,Defender,2026-27,123,0,0,1,0,0,4300000,https://resources.premierleague.com/premierleague/photos/players/110x140/p214225.png,297212.0,1997-10-22,15480000.0,399,Leeds United,399
330,Jayden Bogle,Bogle,Leeds,https://resources.premierleague.com/premierleague/badges/70/t2.png,Defender,2026-27,365,2,0,4,1,0,4600000,https://resources.premierleague.com/premierleague/photos/players/110x140/p226182.png,465717.0,2000-07-27,12900000.0,399,Leeds United,399
331,Gabriel Gudmundsson,Gudmundsson,Leeds,https://resources.premierleague.com/premierleague/badges/70/t2.png,Defender,2026-27,252,0,0,2,1,0,4500000,,362108.0,1999-04-29,17200000.0,399,Leeds United,399
332,James Justin,Justin,Leeds,https://resources.premierleague.com/premierleague/badges/70/t2.png,Defender,2026-27,450,0,0,2,3,0,4500000,https://resources.premierleague.com/premierleague/photos/players/110x140/p220627.png,413220.0,1998-02-23,10320000.0,399,Leeds United,399
333,Sebastiaan Bornauw,Bornauw,Leeds,https://resources.premierleague.com/premierleague/badges/70/t2.png,Defender,2026-27,0,0,0,0,0,0,4500000,,338629.0,1999-03-22,6880000.0,399,Leeds United,399
334,Tarik Muharemović,Muharemović,Leeds,https://resources.premierleague.com/premierleague/badges/70/t2.png,Defender,2026-27,450,0,1,2,3,0,5000000,,679423.0,2003-02-28,21500000.0,6574,US Sassuolo,6574
335,Anton Stach,Stach,Leeds,https://resources.premierleague.com/premierleague/badges/70/t2.png,Midfielder,2026-27,447,1,0,3,2,0,6000000,,344069.0,1998-11-15,24080000.0,399,Leeds United,399
336,Noah Okafor,Okafor,Leeds,https://resources.premierleague.com/premierleague/badges/70/t2.png,Midfielder,2026-27,299,1,0,3,1,0,5800000,,346890.0,2000-05-24,21500000.0,399,Leeds United,399
337,Brenden Aaronson,Aaronson,Leeds,https://resources.premierleague.com/premierleague/badges/70/t2.png,Midfielder,2026-27,194,0,0,1,3,0,5300000,https://resources.premierleague.com/premierleague/photos/players/110x140/p427637.png,393323.0,2000-10-22,18920000.0,399,Leeds United,399
338,Ethan Ampadu,Ampadu,Leeds,https://resources.premierleague.com/premierleague/badges/70/t2.png,Midfielder,2026-27,450,0,1,2,3,0,5400000,https://resources.premierleague.com/premierleague/photos/players/110x140/p199598.png,392771.0,2000-09-14,25800000.0,399,Leeds United,399
339,Sean Longstaff,Longstaff,Leeds,https://resources.premierleague.com/premierleague/badges/70/t2.png,Midfielder,2026-27,10,0,0,0,1,0,4900000,https://resources.premierleague.com/premierleague/photos/players/110x140/p180135.png,346707.0,1997-10-30,12900000.0,399,Leeds United,399
341,Wilfried Gnonto,Gnonto,Leeds,https://resources.premierleague.com/premierleague/badges/70/t2.png,Midfielder,2026-27,0,0,0,0,0,0,5000000,https://resources.premierleague.com/premierleague/photos/players/110x140/p492859.png,627626.0,2003-11-05,13760000.0,399,Leeds United,399
342,Jack Harrison,Harrison,Leeds,https://resources.premierleague.com/premierleague/badges/70/t2.png,Midfielder,2026-27,0,0,0,0,0,0,5000000,https://resources.premierleague.com/premierleague/photos/players/110x140/p221399.png,417346.0,1996-11-20,5590000.0,430,ACF Fiorentina,430
343,Daniel James,James,Leeds,https://resources.premierleague.com/premierleague/badges/70/t2.png,Midfielder,2026-27,52,0,0,0,1,0,4900000,https://resources.premierleague.com/premierleague/photos/players/110x140/p200617.png,319301.0,1997-11-10,8600000.0,399,Leeds United,399
344,Ilia Gruev,Gruev,Leeds,https://resources.premierleague.com/premierleague/badges/70/t2.png,Midfielder,2026-27,0,0,0,0,0,0,5000000,,381753.0,2000-05-06,10320000.0,399,Leeds United,399
345,Tanaka Ao,Tanaka,Leeds,https://resources.premierleague.com/premierleague/badges/70/t2.png,Midfielder,2026-27,255,0,2,2,1,0,4900000,,489359.0,1998-09-10,11180000.0,399,Leeds United,399
346,Dominic Calvert-Lewin,Calvert-Lewin,Leeds,https://resources.premierleague.com/premierleague/badges/70/t2.png,Forward,2026-27,419,2,1,3,2,0,6000000,https://resources.premierleague.com/premierleague/photos/players/110x140/p177815.png,306024.0,1997-03-16,18920000.0,399,Leeds United,399
347,Lukas Nmecha,Nmecha,Leeds,https://resources.premierleague.com/premierleague/badges/70/t2.png,Forward,2026-27,64,0,1,0,1,0,5400000,https://resources.premierleague.com/premierleague/photos/players/110x140/p174594.png,314288.0,1998-12-14,8600000.0,399,Leeds United,399
348,Joël Piroe,Piroe,Leeds,https://resources.premierleague.com/premierleague/badges/70/t2.png,Forward,2026-27,0,0,0,0,0,0,5000000,,369962.0,1999-08-02,8600000.0,399,Leeds United,399
349,Mateo Joseph Fernández-Regatillo,Mateo Joseph,Leeds,https://resources.premierleague.com/premierleague/badges/70/t2.png,Forward,2026-27,0,0,0,0,0,0,4500000,https://resources.premierleague.com/premierleague/photos/players/110x140/p565297.png,,,,,,
385,James Trafford,Trafford,Leeds,https://resources.premierleague.com/premierleague/badges/70/t2.png,Goalkeeper,2026-27,450,0,0,2,3,20,5000000,https://resources.premierleague.com/premierleague/photos/players/110x140/p432720.png,319301.0,1997-11-10,8600000.0,399,Leeds United,399
598,Nico Elvedi,Elvedi,Leeds,https://resources.premierleague.com/premierleague/badges/70/t2.png,Defender,2026-27,326,0,0,1,3,0,4500000,,192635.0,1996-09-30,6880000.0,18,Borussia Mönchengladbach,18
603,Jayden Lienou,Lienou,Leeds,https://resources.premierleague.com/premierleague/badges/70/t2.png,Defender,2026-27,0,0,0,0,0,0,4000000,,1122308.0,2008-04-08,,,,
604,Alfie Cresswell,Cresswell,Leeds,https://resources.premierleague.com/premierleague/badges/70/t2.png,Midfielder,2026-27,0,0,0,0,0,0,4500000,,1065181.0,2007-07-15,,,,
625,Alex Cairns,Cairns,Leeds,https://resources.premierleague.com/premierleague/badges/70/t2.png,Goalkeeper,2026-27,0,0,0,0,0,0,4000000,,194386.0,1993-01-04,43000.0,399,Leeds United,399
629,Michael Zetterer,Zetterer,Leeds,https://resources.premierleague.com/premierleague/badges/70/t2.png,Goalkeeper,2026-27,0,0,0,0,0,0,4000000,,,,,,,
641,Melvin Bard,Bard,Leeds,https://resources.premierleague.com/premierleague/badges/70/t2.png,Defender,2026-27,18,0,0,0,1,0,4500000,,532775.0,2000-11-06,8600000.0,417,OGC Nice,417
648,Jean-Mattéo Bahoya,Bahoya,Leeds,https://resources.premierleague.com/premierleague/badges/70/t2.png,Midfielder,2026-27,1,0,0,0,0,0,5000000,,939964.0,2005-05-07,21500000.0,24,Eintracht Frankfurt,24
350,Alisson Becker,A.Becker,Liverpool,https://resources.premierleague.com/premierleague/badges/70/t14.png,Goalkeeper,2026-27,450,0,0,3,4,14,5500000,,105470.0,1992-10-02,12900000.0,31,Liverpool FC,31
351,Giorgi Mamardashvili,Mamardashvili,Liverpool,https://resources.premierleague.com/premierleague/badges/70/t14.png,Goalkeeper,2026-27,0,0,0,0,0,0,4900000,,502676.0,2000-09-29,24080000.0,31,Liverpool FC,31
352,Freddie Woodman,Woodman,Liverpool,https://resources.premierleague.com/premierleague/badges/70/t14.png,Goalkeeper,2026-27,0,0,0,0,0,0,4000000,https://resources.premierleague.com/premierleague/photos/players/110x140/p155503.png,226049.0,1997-03-04,2580000.0,31,Liverpool FC,31
353,Armin Pecsi,Pecsi,Liverpool,https://resources.premierleague.com/premierleague/badges/70/t14.png,Goalkeeper,2026-27,0,0,0,0,0,0,4000000,,933215.0,2005-02-24,,,,
354,Vitezslav Jaros,Jaros,Liverpool,https://resources.premierleague.com/premierleague/badges/70/t14.png,Goalkeeper,2026-27,0,0,0,0,0,0,4000000,https://resources.premierleague.com/premierleague/photos/players/110x140/p432987.png,486604.0,2001-07-23,4300000.0,610,Ajax Amsterdam,610
355,Harvey Davies,Davies,Liverpool,https://resources.premierleague.com/premierleague/badges/70/t14.png,Goalkeeper,2026-27,0,0,0,0,0,0,4000000,,706815.0,2003-09-03,430000.0,31,Liverpool FC,31
356,Virgil van Dijk,Virgil,Liverpool,https://resources.premierleague.com/premierleague/badges/70/t14.png,Defender,2026-27,450,0,0,3,4,0,6500000,https://resources.premierleague.com/premierleague/photos/players/110x140/p97032.png,139208.0,1991-07-08,12900000.0,31,Liverpool FC,31
357,Jeremie Frimpong,Frimpong,Liverpool,https://resources.premierleague.com/premierleague/badges/70/t14.png,Defender,2026-27,178,0,0,0,4,0,5300000,,484547.0,2000-12-10,30100000.0,31,Liverpool FC,31
358,Milos Kerkez,Kerkez,Liverpool,https://resources.premierleague.com/premierleague/badges/70/t14.png,Defender,2026-27,385,0,0,2,4,0,5400000,https://resources.premierleague.com/premierleague/photos/players/110x140/p544877.png,730861.0,2003-11-07,30100000.0,31,Liverpool FC,31
359,Joe Gomez,Gomez,Liverpool,https://resources.premierleague.com/premierleague/badges/70/t14.png,Defender,2026-27,0,0,0,0,0,0,4900000,https://resources.premierleague.com/premierleague/photos/players/110x140/p171287.png,256178.0,1997-05-23,11180000.0,31,Liverpool FC,31
360,Conor Bradley,Bradley,Liverpool,https://resources.premierleague.com/premierleague/badges/70/t14.png,Defender,2026-27,0,0,0,0,0,0,5000000,https://resources.premierleague.com/premierleague/photos/players/110x140/p492777.png,624258.0,2003-07-09,21500000.0,31,Liverpool FC,31
361,Wellity Lucky,Lucky,Liverpool,https://resources.premierleague.com/premierleague/badges/70/t14.png,Defender,2026-27,0,0,0,0,0,0,4000000,,922461.0,2006-01-12,,,,
362,Jeremy Jacquet,Jacquet,Liverpool,https://resources.premierleague.com/premierleague/badges/70/t14.png,Defender,2026-27,415,0,0,3,4,0,5000000,,1004301.0,2005-07-13,47300000.0,273,Stade Rennais FC,273
363,Giovanni Leoni,Leoni,Liverpool,https://resources.premierleague.com/premierleague/badges/70/t14.png,Defender,2026-27,0,0,0,0,0,0,4000000,,1086619.0,2006-12-21,21500000.0,31,Liverpool FC,31
364,Kostas Tsimikas,Tsimikas,Liverpool,https://resources.premierleague.com/premierleague/badges/70/t14.png,Defender,2026-27,64,0,0,0,0,0,4900000,https://resources.premierleague.com/premierleague/photos/players/110x140/p214285.png,,,,,,
365,Calvin Ramsay,Ramsay,Liverpool,https://resources.premierleague.com/premierleague/badges/70/t14.png,Defender,2026-27,0,0,0,0,0,0,4000000,https://resources.premierleague.com/premierleague/photos/players/110x140/p489580.png,633652.0,2003-07-31,1290000.0,31,Liverpool FC,31
366,Florian Wirtz,Wirtz,Liverpool,https://resources.premierleague.com/premierleague/badges/70/t14.png,Midfielder,2026-27,402,0,2,3,4,0,7300000,,598577.0,2003-05-03,86000000.0,31,Liverpool FC,31
367,Cody Gakpo,Gakpo,Liverpool,https://resources.premierleague.com/premierleague/badges/70/t14.png,Midfielder,2026-27,370,1,3,2,4,0,7200000,https://resources.premierleague.com/premierleague/photos/players/110x140/p243298.png,434675.0,1999-05-07,51600000.0,31,Liverpool FC,31
368,Dominik Szoboszlai,Szoboszlai,Liverpool,https://resources.premierleague.com/premierleague/badges/70/t14.png,Midfielder,2026-27,440,1,0,3,4,0,7000000,https://resources.premierleague.com/premierleague/photos/players/110x140/p424876.png,451276.0,2000-10-25,86000000.0,31,Liverpool FC,31
369,Rio Ngumoha,Ngumoha,Liverpool,https://resources.premierleague.com/premierleague/badges/70/t14.png,Midfielder,2026-27,99,0,0,0,2,0,5700000,,1108466.0,2008-08-29,25800000.0,31,Liverpool FC,31
370,Federico Chiesa,Chiesa,Liverpool,https://resources.premierleague.com/premierleague/badges/70/t14.png,Midfielder,2026-27,0,0,0,0,0,0,5300000,https://resources.premierleague.com/premierleague/photos/players/110x140/p223541.png,341092.0,1997-10-25,11180000.0,31,Liverpool FC,31
371,Ryan Gravenberch,Gravenberch,Liverpool,https://resources.premierleague.com/premierleague/badges/70/t14.png,Midfielder,2026-27,190,0,1,0,2,0,5800000,https://resources.premierleague.com/premierleague/photos/players/110x140/p441266.png,478573.0,2002-05-16,68800000.0,31,Liverpool FC,31
372,Alexis Mac Allister,Mac Allister,Liverpool,https://resources.premierleague.com/premierleague/badges/70/t14.png,Midfielder,2026-27,306,0,0,2,2,0,5400000,https://resources.premierleague.com/premierleague/photos/players/110x140/p243016.png,534033.0,1998-12-24,60200000.0,31,Liverpool FC,31
373,Curtis Jones,C.Jones,Liverpool,https://resources.premierleague.com/premierleague/badges/70/t14.png,Midfielder,2026-27,0,0,0,0,0,0,5500000,https://resources.premierleague.com/premierleague/photos/players/110x140/p206915.png,433188.0,2001-01-30,30100000.0,31,Liverpool FC,31
374,Endo Wataru,Endo,Liverpool,https://resources.premierleague.com/premierleague/badges/70/t14.png,Midfielder,2026-27,0,0,0,0,0,0,4900000,https://resources.premierleague.com/premierleague/photos/players/110x140/p158983.png,146310.0,1993-02-09,3440000.0,31,Liverpool FC,31
375,Trey Nyoni,Nyoni,Liverpool,https://resources.premierleague.com/premierleague/badges/70/t14.png,Midfielder,2026-27,38,0,0,0,0,0,4900000,,1045123.0,2007-06-30,6880000.0,31,Liverpool FC,31
376,Stefan Bajčetić Maquieira,Bajcetic,Liverpool,https://resources.premierleague.com/premierleague/badges/70/t14.png,Midfielder,2026-27,0,0,0,0,0,0,5000000,https://resources.premierleague.com/premierleague/photos/players/110x140/p535928.png,864799.0,2004-10-22,3440000.0,31,Liverpool FC,31
377,Victor Munoz,Munoz,Liverpool,https://resources.premierleague.com/premierleague/badges/70/t14.png,Midfielder,2026-27,257,1,1,1,2,0,6500000,,935231.0,2003-07-13,25800000.0,331,CA Osasuna,331
378,James McConnell,McConnell,Liverpool,https://resources.premierleague.com/premierleague/badges/70/t14.png,Midfielder,2026-27,0,0,0,0,0,0,4400000,https://resources.premierleague.com/premierleague/photos/players/110x140/p491501.png,845289.0,2004-09-13,1720000.0,610,Ajax Amsterdam,610
379,Alexander Isak,Isak,Liverpool,https://resources.premierleague.com/premierleague/badges/70/t14.png,Forward,2026-27,413,4,0,3,4,0,9100000,https://resources.premierleague.com/premierleague/photos/players/110x140/p219168.png,349066.0,1999-09-21,73100000.0,31,Liverpool FC,31
380,Hugo Ekitiké,Ekitiké,Liverpool,https://resources.premierleague.com/premierleague/badges/70/t14.png,Forward,2026-27,0,0,0,0,0,0,7400000,,709726.0,2002-06-20,68800000.0,31,Liverpool FC,31
381,Lewis Koumas,Koumas,Liverpool,https://resources.premierleague.com/premierleague/badges/70/t14.png,Midfielder,2026-27,22,0,0,0,0,0,5000000,,,,,,,
382,Jayden Danns,Danns,Liverpool,https://resources.premierleague.com/premierleague/badges/70/t14.png,Forward,2026-27,0,0,0,0,0,0,4500000,,939290.0,2006-01-16,688000.0,,,
383,Harvey Elliott,Elliott,Liverpool,https://resources.premierleague.com/premierleague/badges/70/t14.png,Midfielder,2026-27,0,0,0,0,0,0,5400000,https://resources.premierleague.com/premierleague/photos/players/110x140/p444884.png,565822.0,2003-04-04,17200000.0,405,Aston Villa,405
579,Ronald Araujo,Araujo,Liverpool,https://resources.premierleague.com/premierleague/badges/70/t14.png,Defender,2026-27,284,0,0,3,0,0,5400000,,480267.0,1999-03-07,17200000.0,131,FC Barcelona,131
627,Bradley Barcola,Barcola,Liverpool,https://resources.premierleague.com/premierleague/badges/70/t14.png,Midfielder,2026-27,168,0,0,2,0,0,8000000,,624258.0,2003-07-09,21500000.0,31,Liverpool FC,31
155,Enzo Fernández,Enzo,Man City,https://resources.premierleague.com/premierleague/badges/70/t43.png,Midfielder,2026-27,271,1,0,2,3,0,6900000,https://resources.premierleague.com/premierleague/photos/players/110x140/p448047.png,648195.0,2001-01-17,77400000.0,631,Chelsea FC,631
237,Iliman Ndiaye,Ndiaye,Man City,https://resources.premierleague.com/premierleague/badges/70/t43.png,Midfielder,2026-27,385,0,2,2,4,0,5800000,https://resources.premierleague.com/premierleague/photos/players/110x140/p440993.png,623570.0,2000-03-06,47300000.0,29,Everton FC,29
384,Gianluigi Donnarumma,Donnarumma,Man City,https://resources.premierleague.com/premierleague/badges/70/t43.png,Goalkeeper,2026-27,450,0,0,2,5,14,5500000,,315858.0,1999-02-25,38700000.0,281,Manchester City,281
386,Marcus Bettinelli,Bettinelli,Man City,https://resources.premierleague.com/premierleague/badges/70/t43.png,Goalkeeper,2026-27,0,0,0,0,0,0,4500000,https://resources.premierleague.com/premierleague/photos/players/110x140/p122074.png,116648.0,1992-05-24,258000.0,281,Manchester City,281
387,Nico O'Reilly,O'Reilly,Man City,https://resources.premierleague.com/premierleague/badges/70/t43.png,Defender,2026-27,163,0,0,0,2,0,6300000,https://resources.premierleague.com/premierleague/photos/players/110x140/p472769.png,743413.0,2005-03-21,60200000.0,281,Manchester City,281
388,Marc Guéhi,Guéhi,Man City,https://resources.premierleague.com/premierleague/badges/70/t43.png,Defender,2026-27,450,1,1,2,5,0,6000000,https://resources.premierleague.com/premierleague/photos/players/110x140/p209036.png,392757.0,2000-07-13,60200000.0,281,Manchester City,281
389,Matheus Nunes,Matheus N.,Man City,https://resources.premierleague.com/premierleague/badges/70/t43.png,Defender,2026-27,213,0,0,1,3,0,5900000,https://resources.premierleague.com/premierleague/photos/players/110x140/p465351.png,601883.0,1998-08-27,43000000.0,281,Manchester City,281
390,Rúben dos Santos Gato Alves Dias,Rúben,Man City,https://resources.premierleague.com/premierleague/badges/70/t43.png,Defender,2026-27,450,0,0,2,5,0,5500000,https://resources.premierleague.com/premierleague/photos/players/110x140/p171314.png,258004.0,1997-05-14,47300000.0,281,Manchester City,281
391,Joško Gvardiol,Gvardiol,Man City,https://resources.premierleague.com/premierleague/badges/70/t43.png,Defender,2026-27,434,1,3,2,5,0,5700000,https://resources.premierleague.com/premierleague/photos/players/110x140/p477424.png,475959.0,2002-01-23,60200000.0,281,Manchester City,281
392,Rayan Aït-Nouri,Aït-Nouri,Man City,https://resources.premierleague.com/premierleague/badges/70/t43.png,Defender,2026-27,0,0,0,0,0,0,5300000,https://resources.premierleague.com/premierleague/photos/players/110x140/p448514.png,578391.0,2001-06-06,34400000.0,281,Manchester City,281
393,Abdukodir Khusanov,Khusanov,Man City,https://resources.premierleague.com/premierleague/badges/70/t43.png,Defender,2026-27,268,0,0,1,2,0,5400000,https://resources.premierleague.com/premierleague/photos/players/110x140/p578153.png,763079.0,2004-02-29,43000000.0,281,Manchester City,281
394,Max Alleyne,Alleyne,Man City,https://resources.premierleague.com/premierleague/badges/70/t43.png,Defender,2026-27,0,0,0,0,0,0,5000000,,843595.0,2005-07-21,6880000.0,281,Manchester City,281
395,Rico Lewis,Lewis,Man City,https://resources.premierleague.com/premierleague/badges/70/t43.png,Defender,2026-27,56,0,0,0,1,0,4400000,https://resources.premierleague.com/premierleague/photos/players/110x140/p477064.png,701057.0,2004-11-21,24080000.0,281,Manchester City,281
396,Vitor de Oliveira Nunes dos Reis,Vitor Reis,Man City,https://resources.premierleague.com/premierleague/badges/70/t43.png,Defender,2026-27,1,0,0,0,0,0,4500000,,601883.0,1998-08-27,43000000.0,281,Manchester City,281
397,Antoine Semenyo,Semenyo,Man City,https://resources.premierleague.com/premierleague/badges/70/t43.png,Midfielder,2026-27,450,2,3,2,5,0,8400000,https://resources.premierleague.com/premierleague/photos/players/110x140/p437730.png,583255.0,2000-01-07,68800000.0,281,Manchester City,281
398,Phil Foden,Foden,Man City,https://resources.premierleague.com/premierleague/badges/70/t43.png,Midfielder,2026-27,217,0,2,0,2,0,6900000,https://resources.premierleague.com/premierleague/photos/players/110x140/p209244.png,406635.0,2000-05-28,60200000.0,281,Manchester City,281
399,Rayan Cherki,Cherki,Man City,https://resources.premierleague.com/premierleague/badges/70/t43.png,Midfielder,2026-27,302,3,2,1,4,0,7800000,,607223.0,2003-08-17,77400000.0,281,Manchester City,281
400,Jérémy Doku,Doku,Man City,https://resources.premierleague.com/premierleague/badges/70/t43.png,Midfielder,2026-27,15,0,0,0,0,0,7400000,https://resources.premierleague.com/premierleague/photos/players/110x140/p248875.png,486049.0,2002-05-27,64500000.0,281,Manchester City,281
402,Rodrigo 'Rodri' Hernandez Cascante,Rodrigo,Man City,https://resources.premierleague.com/premierleague/badges/70/t43.png,Midfielder,2026-27,0,0,0,0,0,0,6500000,https://resources.premierleague.com/premierleague/photos/players/110x140/p220566.png,357565.0,1996-06-22,43000000.0,281,Manchester City,281
404,Tijjani Reijnders,Reijnders,Man City,https://resources.premierleague.com/premierleague/badges/70/t43.png,Midfielder,2026-27,0,0,0,0,0,0,6000000,,460939.0,1998-07-29,43000000.0,281,Manchester City,281
406,Mateo Kovačić,Kovačić,Man City,https://resources.premierleague.com/premierleague/badges/70/t43.png,Midfielder,2026-27,42,0,0,0,0,0,5400000,https://resources.premierleague.com/premierleague/photos/players/110x140/p91651.png,51471.0,1994-05-06,8600000.0,281,Manchester City,281
407,Claudio Echeverri,Echeverri,Man City,https://resources.premierleague.com/premierleague/badges/70/t43.png,Midfielder,2026-27,0,0,0,0,0,0,4900000,,395239.0,2000-07-23,1204000.0,281,Manchester City,281
408,Kalvin Phillips,Phillips,Man City,https://resources.premierleague.com/premierleague/badges/70/t43.png,Midfielder,2026-27,0,0,0,0,0,0,5000000,https://resources.premierleague.com/premierleague/photos/players/110x140/p155405.png,351749.0,1995-12-02,2150000.0,350,Sheffield United,350
409,Divine Mukasa,Mukasa,Man City,https://resources.premierleague.com/premierleague/badges/70/t43.png,Midfielder,2026-27,0,0,0,0,0,0,4500000,,1047280.0,2007-08-22,,,,
410,Jeremy Monga,Monga,Man City,https://resources.premierleague.com/premierleague/badges/70/t43.png,Midfielder,2026-27,0,0,0,0,0,0,4900000,https://resources.premierleague.com/premierleague/photos/players/110x140/p649208.png,486049.0,2002-05-27,64500000.0,281,Manchester City,281
411,Erling Haaland,Haaland,Man City,https://resources.premierleague.com/premierleague/badges/70/t43.png,Forward,2026-27,450,5,0,2,5,0,15600000,https://resources.premierleague.com/premierleague/photos/players/110x140/p223094.png,418560.0,2000-07-21,172000000.0,281,Manchester City,281
481,Elliot Anderson,Anderson,Man City,https://resources.premierleague.com/premierleague/badges/70/t43.png,Midfielder,2026-27,413,0,0,2,5,0,6300000,https://resources.premierleague.com/premierleague/photos/players/110x140/p215379.png,567576.0,2002-11-06,64500000.0,703,Nottingham Forest,703
587,Gerónimo Rulli,Rulli,Man City,https://resources.premierleague.com/premierleague/badges/70/t43.png,Goalkeeper,2026-27,0,0,0,0,0,0,5000000,,229604.0,1992-05-20,5160000.0,244,Olympique Marseille,244
616,Ayyoub Bouaddi,Bouaddi,Man City,https://resources.premierleague.com/premierleague/badges/70/t43.png,Midfielder,2026-27,22,0,0,0,0,0,5500000,,1097139.0,2007-10-02,43000000.0,1082,LOSC Lille,1082
621,Ryan McAidoo,McAidoo,Man City,https://resources.premierleague.com/premierleague/badges/70/t43.png,Midfielder,2026-27,11,0,0,0,0,0,4500000,,1187640.0,2008-06-24,,,,
622,Kaden Braithwaite,Braithwaite,Man City,https://resources.premierleague.com/premierleague/badges/70/t43.png,Defender,2026-27,1,0,0,0,0,0,4000000,,1078156.0,2008-02-08,,,,
628,Allan Andrade Elias,Allan,Man City,https://resources.premierleague.com/premierleague/badges/70/t43.png,Midfielder,2026-27,0,0,0,0,0,0,6000000,,,,,,,
653,Floyd Samba,Samba,Man City,https://resources.premierleague.com/premierleague/badges/70/t43.png,Midfielder,2026-27,0,0,0,0,0,0,4500000,,1263739.0,2009-01-15,,,,
43,Youri Tielemans,Tielemans,Man Utd,https://resources.premierleague.com/premierleague/badges/70/t1.png,Midfielder,2026-27,402,0,0,0,8,0,5800000,https://resources.premierleague.com/premierleague/photos/players/110x140/p166989.png,249565.0,1997-05-07,25800000.0,405,Aston Villa,405
131,Carlos Baleba,Baleba,Man Utd,https://resources.premierleague.com/premierleague/badges/70/t1.png,Midfielder,2026-27,0,0,0,0,0,0,4900000,https://resources.premierleague.com/premierleague/photos/players/110x140/p535301.png,973085.0,2004-01-03,47300000.0,1237,Brighton & Hove Albion,1237
162,Andrey Nascimento dos Santos,Andrey Santos,Man Utd,https://resources.premierleague.com/premierleague/badges/70/t1.png,Midfielder,2026-27,82,0,0,0,4,0,4800000,,743600.0,2004-05-03,34400000.0,631,Chelsea FC,631
325,Karl Darlow,Darlow,Man Utd,https://resources.premierleague.com/premierleague/badges/70/t1.png,Goalkeeper,2026-27,0,0,0,0,0,0,4500000,https://resources.premierleague.com/premierleague/photos/players/110x140/p59735.png,,,,,,
412,Senne Lammens,Lammens,Man Utd,https://resources.premierleague.com/premierleague/badges/70/t1.png,Goalkeeper,2026-27,450,0,0,0,8,16,4900000,,503883.0,2002-07-07,30100000.0,985,Manchester United,985
413,Altay Bayındır,Bayindir,Man Utd,https://resources.premierleague.com/premierleague/badges/70/t1.png,Goalkeeper,2026-27,0,0,0,0,0,0,4500000,https://resources.premierleague.com/premierleague/photos/players/110x140/p451302.png,336077.0,1998-04-14,4300000.0,985,Manchester United,985
414,Tom Heaton,Heaton,Man Utd,https://resources.premierleague.com/premierleague/badges/70/t1.png,Goalkeeper,2026-27,0,0,0,0,0,0,4000000,https://resources.premierleague.com/premierleague/photos/players/110x140/p21205.png,34130.0,1986-04-15,86000.0,985,Manchester United,985
415,Patrick Dorgu,Dorgu,Man Utd,https://resources.premierleague.com/premierleague/badges/70/t1.png,Midfielder,2026-27,171,0,1,0,6,0,5800000,https://resources.premierleague.com/premierleague/photos/players/110x140/p596777.png,926952.0,2004-10-26,30100000.0,985,Manchester United,985
416,Matthijs de Ligt,De Ligt,Man Utd,https://resources.premierleague.com/premierleague/badges/70/t1.png,Defender,2026-27,0,0,0,0,0,0,5000000,https://resources.premierleague.com/premierleague/photos/players/110x140/p209365.png,326031.0,1999-08-12,25800000.0,985,Manchester United,985
417,Diogo Dalot Teixeira,Dalot,Man Utd,https://resources.premierleague.com/premierleague/badges/70/t1.png,Defender,2026-27,346,0,0,0,4,0,4900000,https://resources.premierleague.com/premierleague/photos/players/110x140/p216051.png,357147.0,1999-03-18,25800000.0,985,Manchester United,985
418,Harry Maguire,Maguire,Man Utd,https://resources.premierleague.com/premierleague/badges/70/t1.png,Defender,2026-27,450,0,1,0,8,0,4800000,https://resources.premierleague.com/premierleague/photos/players/110x140/p95658.png,177907.0,1993-03-05,6880000.0,985,Manchester United,985
419,Lisandro Martínez,Martinez,Man Utd,https://resources.premierleague.com/premierleague/badges/70/t1.png,Defender,2026-27,360,0,0,0,6,0,5000000,https://resources.premierleague.com/premierleague/photos/players/110x140/p221820.png,480762.0,1998-01-18,34400000.0,985,Manchester United,985
420,Leny Yoro,Yoro,Man Utd,https://resources.premierleague.com/premierleague/badges/70/t1.png,Defender,2026-27,22,0,0,0,2,0,4800000,https://resources.premierleague.com/premierleague/photos/players/110x140/p550864.png,923831.0,2005-11-13,43000000.0,985,Manchester United,985
421,Ayden Heaven,Heaven,Man Utd,https://resources.premierleague.com/premierleague/badges/70/t1.png,Defender,2026-27,90,0,0,0,2,0,4400000,https://resources.premierleague.com/premierleague/photos/players/110x140/p606745.png,1078163.0,2006-09-22,25800000.0,985,Manchester United,985
422,Noussair Mazraoui,Mazraoui,Man Utd,https://resources.premierleague.com/premierleague/badges/70/t1.png,Defender,2026-27,97,0,0,0,4,0,4400000,https://resources.premierleague.com/premierleague/photos/players/110x140/p230001.png,340456.0,1997-11-14,15480000.0,985,Manchester United,985
423,Luke Shaw,Shaw,Man Utd,https://resources.premierleague.com/premierleague/badges/70/t1.png,Defender,2026-27,335,0,1,0,5,0,4300000,https://resources.premierleague.com/premierleague/photos/players/110x140/p106760.png,183288.0,1995-07-12,6880000.0,985,Manchester United,985
424,Harry Amass,Amass,Man Utd,https://resources.premierleague.com/premierleague/badges/70/t1.png,Defender,2026-27,0,0,0,0,0,0,4000000,https://resources.premierleague.com/premierleague/photos/players/110x140/p577974.png,1011738.0,2007-03-16,4300000.0,,,
425,Tyler Fredricson,Fredricson,Man Utd,https://resources.premierleague.com/premierleague/badges/70/t1.png,Defender,2026-27,0,0,0,0,0,0,4000000,,911424.0,2005-02-23,2580000.0,985,Manchester United,985
426,Bruno Borges Fernandes,B.Fernandes,Man Utd,https://resources.premierleague.com/premierleague/badges/70/t1.png,Midfielder,2026-27,450,3,1,0,8,0,11900000,https://resources.premierleague.com/premierleague/photos/players/110x140/p141746.png,240306.0,1994-09-08,30100000.0,985,Manchester United,985
427,Bryan Mbeumo,Mbeumo,Man Utd,https://resources.premierleague.com/premierleague/badges/70/t1.png,Midfielder,2026-27,450,2,1,0,8,0,7900000,https://resources.premierleague.com/premierleague/photos/players/110x140/p446008.png,413039.0,1999-08-07,64500000.0,985,Manchester United,985
428,Matheus Santos Carneiro da Cunha,Cunha,Man Utd,https://resources.premierleague.com/premierleague/badges/70/t1.png,Midfielder,2026-27,407,1,2,1,5,0,7900000,https://resources.premierleague.com/premierleague/photos/players/110x140/p430871.png,517894.0,1999-05-27,64500000.0,985,Manchester United,985
429,Marcus Rashford,Rashford,Man Utd,https://resources.premierleague.com/premierleague/badges/70/t1.png,Midfielder,2026-27,351,0,0,1,3,0,7000000,https://resources.premierleague.com/premierleague/photos/players/110x140/p176297.png,258923.0,1997-10-31,34400000.0,131,FC Barcelona,131
430,Mason Mount,Mount,Man Utd,https://resources.premierleague.com/premierleague/badges/70/t1.png,Midfielder,2026-27,10,0,0,0,0,0,5400000,https://resources.premierleague.com/premierleague/photos/players/110x140/p184341.png,346483.0,1999-01-10,21500000.0,985,Manchester United,985
431,Amad Diallo,Amad,Man Utd,https://resources.premierleague.com/premierleague/badges/70/t1.png,Midfielder,2026-27,0,0,0,0,0,0,5700000,https://resources.premierleague.com/premierleague/photos/players/110x140/p493250.png,536835.0,2002-07-11,38700000.0,985,Manchester United,985
432,Kobbie Mainoo,Mainoo,Man Utd,https://resources.premierleague.com/premierleague/badges/70/t1.png,Midfielder,2026-27,354,0,1,0,4,0,5500000,https://resources.premierleague.com/premierleague/photos/players/110x140/p516895.png,820374.0,2005-04-19,60200000.0,985,Manchester United,985
433,Manuel Ugarte Ribeiro,Ugarte,Man Utd,https://resources.premierleague.com/premierleague/badges/70/t1.png,Midfielder,2026-27,0,0,0,0,0,0,5000000,https://resources.premierleague.com/premierleague/photos/players/110x140/p232112.png,476701.0,2001-04-11,21500000.0,985,Manchester United,985
434,Jack Fletcher,J.Fletcher,Man Utd,https://resources.premierleague.com/premierleague/badges/70/t1.png,Midfielder,2026-27,0,0,0,0,0,0,4900000,,1011140.0,2007-03-19,860000.0,,,
435,Shea Lacey,Lacey,Man Utd,https://resources.premierleague.com/premierleague/badges/70/t1.png,Midfielder,2026-27,10,0,0,0,0,0,4900000,,926309.0,2007-04-14,,,,
436,Toby Collyer,Collyer,Man Utd,https://resources.premierleague.com/premierleague/badges/70/t1.png,Midfielder,2026-27,0,0,0,0,0,0,5000000,https://resources.premierleague.com/premierleague/photos/players/110x140/p490881.png,654253.0,2004-01-03,4300000.0,984,West Bromwich Albion,984
437,Bendito Mantato,Bendito Mantato,Man Utd,https://resources.premierleague.com/premierleague/badges/70/t1.png,Midfielder,2026-27,0,0,0,0,0,0,4400000,,1085591.0,2008-01-25,344000.0,,,
438,Tyler Fletcher,Fletcher,Man Utd,https://resources.premierleague.com/premierleague/badges/70/t1.png,Midfielder,2026-27,0,0,0,0,0,0,4400000,,1049911.0,2007-03-19,,,,
439,Benjamin Sesko,Šeško,Man Utd,https://resources.premierleague.com/premierleague/badges/70/t1.png,Forward,2026-27,76,1,0,0,3,0,7000000,,627442.0,2003-05-31,64500000.0,985,Manchester United,985
440,Joshua Zirkzee,Zirkzee,Man Utd,https://resources.premierleague.com/premierleague/badges/70/t1.png,Forward,2026-27,20,0,0,0,0,0,5300000,https://resources.premierleague.com/premierleague/photos/players/110x140/p458249.png,435648.0,2001-05-22,17200000.0,985,Manchester United,985
441,Chido Obi,Obi,Man Utd,https://resources.premierleague.com/premierleague/badges/70/t1.png,Forward,2026-27,0,0,0,0,0,0,4500000,https://resources.premierleague.com/premierleague/photos/players/110x140/p596047.png,1042886.0,2007-11-29,4300000.0,985,Manchester United,985
405,Nico González Iglesias,N.Gonzalez,Newcastle,https://resources.premierleague.com/premierleague/badges/70/t4.png,Midfielder,2026-27,164,0,0,1,2,0,5500000,https://resources.premierleague.com/premierleague/photos/players/110x140/p465694.png,466805.0,2002-01-03,34400000.0,281,Manchester City,281
442,Nick Pope,Pope,Newcastle,https://resources.premierleague.com/premierleague/badges/70/t4.png,Goalkeeper,2026-27,0,0,0,0,0,0,4900000,https://resources.premierleague.com/premierleague/photos/players/110x140/p98747.png,192080.0,1992-04-19,4300000.0,762,Newcastle United,762
443,Mark Gillespie,Gillespie,Newcastle,https://resources.premierleague.com/premierleague/badges/70/t4.png,Goalkeeper,2026-27,0,0,0,0,0,0,4500000,https://resources.premierleague.com/premierleague/photos/players/110x140/p81441.png,142389.0,1992-03-27,86000.0,762,Newcastle United,762
444,Ewen Jaouen,Jaouen,Newcastle,https://resources.premierleague.com/premierleague/badges/70/t4.png,Goalkeeper,2026-27,0,0,0,0,0,0,4400000,,,,,,,
445,Malick Thiaw,Thiaw,Newcastle,https://resources.premierleague.com/premierleague/badges/70/t4.png,Defender,2026-27,450,0,0,1,9,0,5000000,,521964.0,2001-08-08,38700000.0,762,Newcastle United,762
446,Fabian Schär,Schär,Newcastle,https://resources.premierleague.com/premierleague/badges/70/t4.png,Defender,2026-27,25,0,0,0,2,0,4900000,https://resources.premierleague.com/premierleague/photos/players/110x140/p119471.png,135343.0,1991-12-20,3440000.0,762,Newcastle United,762
447,Sven Botman,Botman,Newcastle,https://resources.premierleague.com/premierleague/badges/70/t4.png,Defender,2026-27,450,0,0,1,9,0,5000000,https://resources.premierleague.com/premierleague/photos/players/110x140/p220237.png,361093.0,2000-01-12,30100000.0,762,Newcastle United,762
448,Dan Burn,Burn,Newcastle,https://resources.premierleague.com/premierleague/badges/70/t4.png,Defender,2026-27,0,0,0,0,0,0,4800000,https://resources.premierleague.com/premierleague/photos/players/110x140/p78916.png,134270.0,1992-05-09,3440000.0,762,Newcastle United,762
449,Lewis Hall,Hall,Newcastle,https://resources.premierleague.com/premierleague/badges/70/t4.png,Defender,2026-27,449,1,1,1,9,0,5300000,https://resources.premierleague.com/premierleague/photos/players/110x140/p487838.png,670858.0,2004-09-08,34400000.0,762,Newcastle United,762
450,Tino Livramento,Livramento,Newcastle,https://resources.premierleague.com/premierleague/badges/70/t4.png,Defender,2026-27,33,0,1,0,1,0,4900000,https://resources.premierleague.com/premierleague/photos/players/110x140/p441191.png,503981.0,2002-11-12,38700000.0,762,Newcastle United,762
451,Alex Murphy,A.Murphy,Newcastle,https://resources.premierleague.com/premierleague/badges/70/t4.png,Defender,2026-27,0,0,0,0,0,0,4000000,https://resources.premierleague.com/premierleague/photos/players/110x140/p545477.png,900601.0,2004-06-25,1290000.0,762,Newcastle United,762
453,Harvey Barnes,Barnes,Newcastle,https://resources.premierleague.com/premierleague/badges/70/t4.png,Midfielder,2026-27,450,1,3,1,9,0,6100000,https://resources.premierleague.com/premierleague/photos/players/110x140/p201666.png,398065.0,1997-12-09,27520000.0,762,Newcastle United,762
454,Anthony Elanga,Elanga,Newcastle,https://resources.premierleague.com/premierleague/badges/70/t4.png,Midfielder,2026-27,232,2,0,1,3,0,6100000,https://resources.premierleague.com/premierleague/photos/players/110x140/p449434.png,583189.0,2002-04-27,27520000.0,762,Newcastle United,762
456,Jacob Ramsey,J.Ramsey,Newcastle,https://resources.premierleague.com/premierleague/badges/70/t4.png,Midfielder,2026-27,69,1,0,0,1,0,4900000,https://resources.premierleague.com/premierleague/photos/players/110x140/p232653.png,503749.0,2001-05-28,30100000.0,762,Newcastle United,762
457,Jacob Murphy,J.Murphy,Newcastle,https://resources.premierleague.com/premierleague/badges/70/t4.png,Midfielder,2026-27,181,0,0,0,5,0,5900000,https://resources.premierleague.com/premierleague/photos/players/110x140/p114243.png,199527.0,1995-02-24,10320000.0,762,Newcastle United,762
458,Joelinton Cássio Apolinário de Lira,Joelinton,Newcastle,https://resources.premierleague.com/premierleague/badges/70/t4.png,Midfielder,2026-27,0,0,0,0,0,0,5400000,https://resources.premierleague.com/premierleague/photos/players/110x140/p180974.png,333241.0,1996-08-14,21500000.0,762,Newcastle United,762
459,Lewis Miley,L.Miley,Newcastle,https://resources.premierleague.com/premierleague/badges/70/t4.png,Midfielder,2026-27,396,0,0,1,8,0,5500000,https://resources.premierleague.com/premierleague/photos/players/110x140/p547719.png,922769.0,2006-05-01,21500000.0,762,Newcastle United,762
460,Joe Willock,Willock,Newcastle,https://resources.premierleague.com/premierleague/badges/70/t4.png,Midfielder,2026-27,284,2,0,1,5,0,5000000,https://resources.premierleague.com/premierleague/photos/players/110x140/p200089.png,340329.0,1999-08-20,12040000.0,762,Newcastle United,762
461,Bazoumana Touré,Touré,Newcastle,https://resources.premierleague.com/premierleague/badges/70/t4.png,Midfielder,2026-27,50,1,0,0,1,0,5800000,,1067904.0,2006-03-02,34400000.0,533,TSG 1899 Hoffenheim,533
462,Sean Steur,Steur,Newcastle,https://resources.premierleague.com/premierleague/badges/70/t4.png,Midfielder,2026-27,223,0,0,1,5,0,4900000,,1071818.0,2007-05-27,,,,
463,Nick Woltemade,Woltemade,Newcastle,https://resources.premierleague.com/premierleague/badges/70/t4.png,Forward,2026-27,19,0,1,0,0,0,5900000,,455661.0,2002-02-14,47300000.0,762,Newcastle United,762
464,Yoane Wissa,Wissa,Newcastle,https://resources.premierleague.com/premierleague/badges/70/t4.png,Forward,2026-27,441,1,1,1,8,0,6200000,https://resources.premierleague.com/premierleague/photos/players/110x140/p216646.png,388165.0,1996-09-03,21500000.0,762,Newcastle United,762
465,William Osula,Osula,Newcastle,https://resources.premierleague.com/premierleague/badges/70/t4.png,Forward,2026-27,55,0,1,0,1,0,5800000,https://resources.premierleague.com/premierleague/photos/players/110x140/p538207.png,609556.0,2003-08-04,24080000.0,762,Newcastle United,762
466,Sean Neave,Neave,Newcastle,https://resources.premierleague.com/premierleague/badges/70/t4.png,Forward,2026-27,0,0,0,0,0,0,4500000,,1071818.0,2007-05-27,,,,
559,Aladji Bamba,Bamba,Newcastle,https://resources.premierleague.com/premierleague/badges/70/t4.png,Midfielder,2026-27,27,0,0,0,1,0,4900000,,975347.0,2006-07-14,15480000.0,162,AS Monaco,162
567,Lukás Hornícek,Horníček,Newcastle,https://resources.premierleague.com/premierleague/badges/70/t4.png,Goalkeeper,2026-27,450,0,0,1,9,19,5000000,,629773.0,2002-07-13,15480000.0,1075,SC Braga,1075
593,Amar Dedic,Dedić,Newcastle,https://resources.premierleague.com/premierleague/badges/70/t4.png,Defender,2026-27,327,0,1,1,7,0,4500000,,519184.0,2002-08-18,13760000.0,294,SL Benfica,294
609,Leo Shahar,Shahar,Newcastle,https://resources.premierleague.com/premierleague/badges/70/t4.png,Defender,2026-27,0,0,0,0,0,0,4000000,,940858.0,2007-03-18,,,,
634,Matias Fernandez-Pardo,Fernandez-Pardo,Newcastle,https://resources.premierleague.com/premierleague/badges/70/t4.png,Forward,2026-27,157,0,0,0,4,0,6000000,,724129.0,2005-02-03,30100000.0,1082,LOSC Lille,1082
659,Mason Miley,Miley,Newcastle,https://resources.premierleague.com/premierleague/badges/70/t4.png,Midfielder,2026-27,0,0,0,0,0,0,4500000,,922769.0,2006-05-01,21500000.0,762,Newcastle United,762
663,Miodrag Pivas,Pivas,Newcastle,https://resources.premierleague.com/premierleague/badges/70/t4.png,Defender,2026-27,0,0,0,0,0,0,4000000,,,,,,,
664,Vakhtang Salia,Salia,Newcastle,https://resources.premierleague.com/premierleague/badges/70/t4.png,Forward,2026-27,0,0,0,0,0,0,4500000,,,,,,,
665,Michael Mills,Mills,Newcastle,https://resources.premierleague.com/premierleague/badges/70/t4.png,Midfielder,2026-27,0,0,0,0,0,0,4500000,,698151.0,2003-12-02,172000.0,,,
666,Kyran Thompson,Thompson,Newcastle,https://resources.premierleague.com/premierleague/badges/70/t4.png,Midfielder,2026-27,0,0,0,0,0,0,4500000,,660768.0,2004-08-01,,,,
167,Liam Delap,Delap,Nott'm Forest,https://resources.premierleague.com/premierleague/badges/70/t17.png,Forward,2026-27,277,1,0,1,3,0,5600000,https://resources.premierleague.com/premierleague/photos/players/110x140/p463034.png,610849.0,2003-02-08,24080000.0,631,Chelsea FC,631
201,Daniel Muñoz Mejía,Muñoz,Nott'm Forest,https://resources.premierleague.com/premierleague/badges/70/t17.png,Defender,2026-27,257,0,0,0,4,0,5400000,https://resources.premierleague.com/premierleague/photos/players/110x140/p247348.png,493003.0,1996-05-26,18920000.0,873,Crystal Palace,873
467,Matz Sels,Sels,Nott'm Forest,https://resources.premierleague.com/premierleague/badges/70/t17.png,Goalkeeper,2026-27,450,0,0,1,5,11,5000000,https://resources.premierleague.com/premierleague/photos/players/110x140/p85633.png,127202.0,1992-02-26,3010000.0,703,Nottingham Forest,703
468,John Victor Maciel Furtado,John,Nott'm Forest,https://resources.premierleague.com/premierleague/badges/70/t17.png,Goalkeeper,2026-27,0,0,0,0,0,0,4500000,,432914.0,1996-02-13,4300000.0,703,Nottingham Forest,703
469,Neco Williams,N.Williams,Nott'm Forest,https://resources.premierleague.com/premierleague/badges/70/t17.png,Defender,2026-27,450,0,1,1,5,0,5000000,https://resources.premierleague.com/premierleague/photos/players/110x140/p215136.png,503680.0,2001-04-13,24080000.0,703,Nottingham Forest,703
470,Felipe Rodrigues da Silva,Morato,Nott'm Forest,https://resources.premierleague.com/premierleague/badges/70/t17.png,Defender,2026-27,0,0,0,0,0,0,5000000,https://resources.premierleague.com/premierleague/photos/players/110x140/p485047.png,156501.0,1989-05-16,1290000.0,703,Nottingham Forest,703
471,Nikola Milenković,Milenković,Nott'm Forest,https://resources.premierleague.com/premierleague/badges/70/t17.png,Defender,2026-27,270,0,0,1,3,0,5400000,https://resources.premierleague.com/premierleague/photos/players/110x140/p227444.png,413507.0,1997-10-12,24080000.0,703,Nottingham Forest,703
472,Murillo Costa dos Santos,Murillo,Nott'm Forest,https://resources.premierleague.com/premierleague/badges/70/t17.png,Defender,2026-27,449,0,1,1,5,0,5500000,https://resources.premierleague.com/premierleague/photos/players/110x140/p575476.png,1005649.0,2002-07-04,43000000.0,703,Nottingham Forest,703
473,Ola Aina,Aina,Nott'm Forest,https://resources.premierleague.com/premierleague/badges/70/t17.png,Defender,2026-27,306,0,0,1,3,0,4400000,https://resources.premierleague.com/premierleague/photos/players/110x140/p159506.png,236490.0,1996-10-08,15480000.0,703,Nottingham Forest,703
474,Jair Paula da Cunha Filho,Jair Cunha,Nott'm Forest,https://resources.premierleague.com/premierleague/badges/70/t17.png,Defender,2026-27,360,0,0,1,4,0,4500000,,984096.0,2005-03-07,12900000.0,703,Nottingham Forest,703
475,Nicolò Savona,Savona,Nott'm Forest,https://resources.premierleague.com/premierleague/badges/70/t17.png,Defender,2026-27,0,0,0,0,0,0,4500000,,708072.0,2003-03-19,12900000.0,703,Nottingham Forest,703
476,Omar Richards,O.Richards,Nott'm Forest,https://resources.premierleague.com/premierleague/badges/70/t17.png,Defender,2026-27,0,0,0,0,0,0,4000000,https://resources.premierleague.com/premierleague/photos/players/110x140/p204822.png,424881.0,1998-02-15,1720000.0,2425,Rio Ave FC,2425
477,Zach Abbott,Abbott,Nott'm Forest,https://resources.premierleague.com/premierleague/badges/70/t17.png,Defender,2026-27,0,0,0,0,0,0,4000000,https://resources.premierleague.com/premierleague/photos/players/110x140/p549067.png,933017.0,2006-05-13,3440000.0,703,Nottingham Forest,703
478,Luca Netz,Netz,Nott'm Forest,https://resources.premierleague.com/premierleague/badges/70/t17.png,Defender,2026-27,27,0,0,0,1,0,4400000,,524285.0,2003-05-15,6880000.0,703,Nottingham Forest,703
479,Tyler Bindon,Bindon,Nott'm Forest,https://resources.premierleague.com/premierleague/badges/70/t17.png,Defender,2026-27,0,0,0,0,0,0,4000000,,,,,,,
480,Morgan Gibbs-White,Gibbs-White,Nott'm Forest,https://resources.premierleague.com/premierleague/badges/70/t17.png,Midfielder,2026-27,450,1,2,1,5,0,8000000,https://resources.premierleague.com/premierleague/photos/players/110x140/p222531.png,429014.0,2000-01-27,60200000.0,703,Nottingham Forest,703
482,Callum Hudson-Odoi,Hudson-Odoi,Nott'm Forest,https://resources.premierleague.com/premierleague/badges/70/t17.png,Midfielder,2026-27,1,0,0,0,0,0,5800000,https://resources.premierleague.com/premierleague/photos/players/110x140/p209046.png,392768.0,2000-11-07,25800000.0,703,Nottingham Forest,703
483,Dan Ndoye,Ndoye,Nott'm Forest,https://resources.premierleague.com/premierleague/badges/70/t17.png,Midfielder,2026-27,316,1,0,1,3,0,5500000,,365108.0,2000-10-25,27520000.0,703,Nottingham Forest,703
484,Omari Hutchinson,Hutchinson,Nott'm Forest,https://resources.premierleague.com/premierleague/badges/70/t17.png,Midfielder,2026-27,0,0,0,0,0,0,5400000,https://resources.premierleague.com/premierleague/photos/players/110x140/p503301.png,741238.0,2003-10-30,25800000.0,703,Nottingham Forest,703
485,Dilane Bakwa,Bakwa,Nott'm Forest,https://resources.premierleague.com/premierleague/badges/70/t17.png,Midfielder,2026-27,0,0,0,0,0,0,5500000,,540664.0,2002-08-26,24080000.0,703,Nottingham Forest,703
486,James McAtee,McAtee,Nott'm Forest,https://resources.premierleague.com/premierleague/badges/70/t17.png,Midfielder,2026-27,416,0,0,2,4,0,5500000,https://resources.premierleague.com/premierleague/photos/players/110x140/p432714.png,583199.0,2002-10-18,15480000.0,703,Nottingham Forest,703
487,Nicolás Domínguez,Dominguez,Nott'm Forest,https://resources.premierleague.com/premierleague/badges/70/t17.png,Midfielder,2026-27,1,0,0,0,0,0,4900000,https://resources.premierleague.com/premierleague/photos/players/110x140/p250199.png,497291.0,1998-06-28,12900000.0,703,Nottingham Forest,703
488,Ibrahim Sangaré,I.Sangaré,Nott'm Forest,https://resources.premierleague.com/premierleague/badges/70/t17.png,Midfielder,2026-27,105,0,0,0,1,0,4900000,https://resources.premierleague.com/premierleague/photos/players/110x140/p210462.png,375885.0,1997-12-02,17200000.0,703,Nottingham Forest,703
489,Ryan Yates,Yates,Nott'm Forest,https://resources.premierleague.com/premierleague/badges/70/t17.png,Midfielder,2026-27,0,0,0,0,0,0,4500000,https://resources.premierleague.com/premierleague/photos/players/110x140/p204968.png,425902.0,1997-11-21,6020000.0,703,Nottingham Forest,703
490,Chris Wood,Wood,Nott'm Forest,https://resources.premierleague.com/premierleague/badges/70/t17.png,Forward,2026-27,62,0,0,0,1,0,5800000,https://resources.premierleague.com/premierleague/photos/players/110x140/p60689.png,108725.0,1991-12-07,4300000.0,703,Nottingham Forest,703
491,Igor Jesus Maciel da Cruz,Igor Jesus,Nott'm Forest,https://resources.premierleague.com/premierleague/badges/70/t17.png,Forward,2026-27,257,1,0,0,3,0,5800000,,432164.0,2001-02-25,21500000.0,703,Nottingham Forest,703
493,Arnaud Kalimuendo,Kalimuendo,Nott'm Forest,https://resources.premierleague.com/premierleague/badges/70/t17.png,Forward,2026-27,1,0,0,0,0,0,5400000,,585959.0,2002-01-20,21500000.0,24,Eintracht Frankfurt,24
558,Xaver Schlager,Schlager,Nott'm Forest,https://resources.premierleague.com/premierleague/badges/70/t17.png,Midfielder,2026-27,376,0,0,1,5,0,5000000,,223979.0,1997-09-28,8600000.0,23826,RB Leipzig,23826
581,Ousmane Diomande,Diomande,Nott'm Forest,https://resources.premierleague.com/premierleague/badges/70/t17.png,Defender,2026-27,163,0,0,0,2,0,5400000,,974982.0,2003-12-04,36120000.0,336,Sporting CP,336
590,Steven Benda,Benda,Nott'm Forest,https://resources.premierleague.com/premierleague/badges/70/t17.png,Goalkeeper,2026-27,0,0,0,0,0,0,4500000,https://resources.premierleague.com/premierleague/photos/players/110x140/p428971.png,,,,,,
112,Jan Paul van Hecke,Van Hecke,Spurs,https://resources.premierleague.com/premierleague/badges/70/t6.png,Defender,2026-27,450,1,0,2,8,0,4900000,https://resources.premierleague.com/premierleague/photos/players/110x140/p469142.png,576314.0,2000-06-08,38700000.0,1237,Brighton & Hove Albion,1237
147,Tosin Adarabioyo,Tosin,Spurs,https://resources.premierleague.com/premierleague/badges/70/t6.png,Defender,2026-27,5,0,0,0,0,0,4400000,https://resources.premierleague.com/premierleague/photos/players/110x140/p109646.png,258878.0,1997-09-24,13760000.0,631,Chelsea FC,631
401,Omar Marmoush,Marmoush,Spurs,https://resources.premierleague.com/premierleague/badges/70/t6.png,Forward,2026-27,339,0,0,2,5,0,7000000,https://resources.premierleague.com/premierleague/photos/players/110x140/p438234.png,445939.0,1999-02-07,43000000.0,281,Manchester City,281
403,Sávio Moreira de Oliveira,Sávio,Spurs,https://resources.premierleague.com/premierleague/badges/70/t6.png,Midfielder,2026-27,240,0,0,2,3,0,6500000,https://resources.premierleague.com/premierleague/photos/players/110x140/p510281.png,,,,,,
455,Sandro Tonali,Tonali,Spurs,https://resources.premierleague.com/premierleague/badges/70/t6.png,Midfielder,2026-27,427,0,0,2,8,0,5300000,https://resources.premierleague.com/premierleague/photos/players/110x140/p432422.png,397033.0,2000-05-08,68800000.0,762,Newcastle United,762
494,Guglielmo Vicario,Vicario,Spurs,https://resources.premierleague.com/premierleague/badges/70/t6.png,Goalkeeper,2026-27,0,0,0,0,0,0,4500000,https://resources.premierleague.com/premierleague/photos/players/110x140/p184254.png,286047.0,1996-10-07,15480000.0,148,Tottenham Hotspur,148
495,Brandon Austin,Austin,Spurs,https://resources.premierleague.com/premierleague/badges/70/t6.png,Goalkeeper,2026-27,0,0,0,0,0,0,4000000,https://resources.premierleague.com/premierleague/photos/players/110x140/p214572.png,428016.0,1999-01-08,430000.0,148,Tottenham Hotspur,148
496,Antonín Kinský,Kinsky,Spurs,https://resources.premierleague.com/premierleague/badges/70/t6.png,Goalkeeper,2026-27,450,0,0,2,8,12,4500000,https://resources.premierleague.com/premierleague/photos/players/110x140/p485055.png,725912.0,2003-03-13,12900000.0,148,Tottenham Hotspur,148
497,Martin Dubravka,Dubravka,Spurs,https://resources.premierleague.com/premierleague/badges/70/t6.png,Goalkeeper,2026-27,0,0,0,0,0,0,4000000,https://resources.premierleague.com/premierleague/photos/players/110x140/p67089.png,74960.0,1989-01-15,430000.0,1132,Burnley FC,1132
498,Marcos Senesi Barón,Senesi,Spurs,https://resources.premierleague.com/premierleague/badges/70/t6.png,Defender,2026-27,90,0,0,0,3,0,5800000,https://resources.premierleague.com/premierleague/photos/players/110x140/p221466.png,469781.0,1997-05-10,21500000.0,989,AFC Bournemouth,989
499,Pedro Porro Sauceda,Pedro Porro,Spurs,https://resources.premierleague.com/premierleague/badges/70/t6.png,Defender,2026-27,198,0,0,1,2,0,5400000,https://resources.premierleague.com/premierleague/photos/players/110x140/p441164.png,553875.0,1999-09-13,30100000.0,148,Tottenham Hotspur,148
500,Cristian Romero,Romero,Spurs,https://resources.premierleague.com/premierleague/badges/70/t6.png,Defender,2026-27,0,0,0,0,0,0,5000000,https://resources.premierleague.com/premierleague/photos/players/110x140/p221632.png,355915.0,1998-04-27,38700000.0,148,Tottenham Hotspur,148
502,Andrew Robertson,Robertson,Spurs,https://resources.premierleague.com/premierleague/badges/70/t6.png,Defender,2026-27,366,0,1,1,7,0,4400000,https://resources.premierleague.com/premierleague/photos/players/110x140/p122798.png,234803.0,1994-03-11,6020000.0,31,Liverpool FC,31
503,Micky van de Ven,Van de Ven,Spurs,https://resources.premierleague.com/premierleague/badges/70/t6.png,Defender,2026-27,360,0,0,2,5,0,5000000,https://resources.premierleague.com/premierleague/photos/players/110x140/p491279.png,557459.0,2001-04-19,43000000.0,148,Tottenham Hotspur,148
505,Djed Spence,Spence,Spurs,https://resources.premierleague.com/premierleague/badges/70/t6.png,Defender,2026-27,0,0,0,0,0,0,4500000,https://resources.premierleague.com/premierleague/photos/players/110x140/p232859.png,483348.0,2000-08-09,25800000.0,148,Tottenham Hotspur,148
506,Destiny Udogie,Udogie,Spurs,https://resources.premierleague.com/premierleague/badges/70/t6.png,Defender,2026-27,86,0,0,1,1,0,4400000,https://resources.premierleague.com/premierleague/photos/players/110x140/p487053.png,556385.0,2002-11-28,25800000.0,148,Tottenham Hotspur,148
507,Ashley Phillips,Phillips,Spurs,https://resources.premierleague.com/premierleague/badges/70/t6.png,Defender,2026-27,0,0,0,0,0,0,4500000,https://resources.premierleague.com/premierleague/photos/players/110x140/p548308.png,859951.0,2005-06-26,6020000.0,512,Stoke City,512
508,Ben Davies,Davies,Spurs,https://resources.premierleague.com/premierleague/badges/70/t6.png,Defender,2026-27,0,0,0,0,0,0,3900000,https://resources.premierleague.com/premierleague/photos/players/110x140/p115556.png,192765.0,1993-04-24,2580000.0,148,Tottenham Hotspur,148
509,Jun'ai Byfield,Byfield,Spurs,https://resources.premierleague.com/premierleague/badges/70/t6.png,Defender,2026-27,0,0,0,0,0,0,4000000,,1196272.0,2008-12-06,,,,
510,James Rowswell,Rowswell,Spurs,https://resources.premierleague.com/premierleague/badges/70/t6.png,Defender,2026-27,0,0,0,0,0,0,4000000,,999743.0,2006-07-13,,,,
511,João Victor de Souza Menezes,Souza,Spurs,https://resources.premierleague.com/premierleague/badges/70/t6.png,Defender,2026-27,0,0,0,0,0,0,4000000,,257455.0,1995-07-09,12900000.0,148,Tottenham Hotspur,148
512,Mohammed Kudus,Kudus,Spurs,https://resources.premierleague.com/premierleague/badges/70/t6.png,Midfielder,2026-27,123,0,1,0,3,0,6500000,https://resources.premierleague.com/premierleague/photos/players/110x140/p460842.png,543499.0,2000-08-02,43000000.0,148,Tottenham Hotspur,148
513,Xavi Simons,Xavi,Spurs,https://resources.premierleague.com/premierleague/badges/70/t6.png,Midfielder,2026-27,0,0,0,0,0,0,5900000,,566931.0,2003-04-21,34400000.0,148,Tottenham Hotspur,148
514,Mathys Tel,Tel,Spurs,https://resources.premierleague.com/premierleague/badges/70/t6.png,Midfielder,2026-27,257,0,0,1,4,0,5700000,https://resources.premierleague.com/premierleague/photos/players/110x140/p511499.png,801734.0,2005-04-27,18920000.0,148,Tottenham Hotspur,148
515,James Maddison,Maddison,Spurs,https://resources.premierleague.com/premierleague/badges/70/t6.png,Midfielder,2026-27,59,0,0,0,2,0,6300000,https://resources.premierleague.com/premierleague/photos/players/110x140/p172780.png,294057.0,1996-11-23,17200000.0,148,Tottenham Hotspur,148
516,Rodrigo Bentancur,Bentancur,Spurs,https://resources.premierleague.com/premierleague/badges/70/t6.png,Midfielder,2026-27,370,0,0,2,6,0,5500000,https://resources.premierleague.com/premierleague/photos/players/110x140/p202993.png,354362.0,1997-06-25,17200000.0,148,Tottenham Hotspur,148
517,Wilson Odobert,Odobert,Spurs,https://resources.premierleague.com/premierleague/badges/70/t6.png,Midfielder,2026-27,0,0,0,0,0,0,5500000,https://resources.premierleague.com/premierleague/photos/players/110x140/p550839.png,743498.0,2004-11-28,15480000.0,148,Tottenham Hotspur,148
518,Pape Matar Sarr,P.M.Sarr,Spurs,https://resources.premierleague.com/premierleague/badges/70/t6.png,Midfielder,2026-27,0,0,0,0,0,0,4900000,https://resources.premierleague.com/premierleague/photos/players/110x140/p482442.png,568693.0,2002-09-14,25800000.0,148,Tottenham Hotspur,148
519,Conor Gallagher,Gallagher,Spurs,https://resources.premierleague.com/premierleague/badges/70/t6.png,Midfielder,2026-27,134,1,0,1,2,0,5300000,https://resources.premierleague.com/premierleague/photos/players/110x140/p232787.png,488362.0,2000-02-06,27520000.0,148,Tottenham Hotspur,148
520,Lucas Bergvall,Bergvall,Spurs,https://resources.premierleague.com/premierleague/badges/70/t6.png,Midfielder,2026-27,78,0,0,0,2,0,5300000,https://resources.premierleague.com/premierleague/photos/players/110x140/p570526.png,866246.0,2006-02-02,30100000.0,148,Tottenham Hotspur,148
521,Dejan Kulusevski,Kulusevski,Spurs,https://resources.premierleague.com/premierleague/badges/70/t6.png,Midfielder,2026-27,0,0,0,0,0,0,6500000,https://resources.premierleague.com/premierleague/photos/players/110x140/p445044.png,431755.0,2000-04-25,14620000.0,148,Tottenham Hotspur,148
522,Archie Gray,Gray,Spurs,https://resources.premierleague.com/premierleague/badges/70/t6.png,Midfielder,2026-27,307,0,0,1,7,0,4900000,https://resources.premierleague.com/premierleague/photos/players/110x140/p547701.png,922693.0,2006-03-12,30100000.0,148,Tottenham Hotspur,148
523,Mikey Moore,Moore,Spurs,https://resources.premierleague.com/premierleague/badges/70/t6.png,Midfielder,2026-27,89,0,0,0,4,0,5000000,https://resources.premierleague.com/premierleague/photos/players/110x140/p499721.png,1011147.0,2007-08-11,15480000.0,124,Rangers FC,124
524,Callum Olusesi,Olusesi,Spurs,https://resources.premierleague.com/premierleague/badges/70/t6.png,Midfielder,2026-27,0,0,0,0,0,0,4400000,https://resources.premierleague.com/premierleague/photos/players/110x140/p499726.png,985546.0,2007-03-11,430000.0,,,
525,Mateus Fernandes,Fernandes,Spurs,https://resources.premierleague.com/premierleague/badges/70/t6.png,Midfielder,2026-27,249,0,0,1,4,0,5700000,https://resources.premierleague.com/premierleague/photos/players/110x140/p551226.png,880245.0,2004-07-10,43000000.0,379,West Ham United,379
526,Dominic Solanke-Mitchell,Solanke,Spurs,https://resources.premierleague.com/premierleague/badges/70/t6.png,Forward,2026-27,170,0,0,1,1,0,5800000,https://resources.premierleague.com/premierleague/photos/players/110x140/p154566.png,258889.0,1997-09-14,24080000.0,148,Tottenham Hotspur,148
527,Richarlison de Andrade,Richarlison,Spurs,https://resources.premierleague.com/premierleague/badges/70/t6.png,Forward,2026-27,67,0,0,0,3,0,5900000,https://resources.premierleague.com/premierleague/photos/players/110x140/p212319.png,378710.0,1997-05-10,21500000.0,148,Tottenham Hotspur,148
528,Dane Scarlett,Scarlett,Spurs,https://resources.premierleague.com/premierleague/badges/70/t6.png,Forward,2026-27,0,0,0,0,0,0,4500000,https://resources.premierleague.com/premierleague/photos/players/110x140/p490145.png,,,,,,
578,Mykhailo Mudryk,Mudryk,Spurs,https://resources.premierleague.com/premierleague/badges/70/t6.png,Midfielder,2026-27,16,0,0,0,0,0,5300000,https://resources.premierleague.com/premierleague/photos/players/110x140/p465920.png,,,,,,
601,Luca Williams-Barnett,Williams-Barnett,Spurs,https://resources.premierleague.com/premierleague/badges/70/t6.png,Midfielder,2026-27,0,0,0,0,0,0,4500000,,1108475.0,2008-10-01,,,,
501,Kevin Danso,Danso,Sunderland,https://resources.premierleague.com/premierleague/badges/70/t56.png,Defender,2026-27,270,0,0,0,8,0,5000000,https://resources.premierleague.com/premierleague/photos/players/110x140/p135720.png,263236.0,1998-09-19,17200000.0,148,Tottenham Hotspur,148
529,Robin Roefs,Roefs,Sunderland,https://resources.premierleague.com/premierleague/badges/70/t56.png,Goalkeeper,2026-27,450,0,0,1,10,6,4900000,,646991.0,2003-01-17,24080000.0,289,Sunderland AFC,289
530,Anthony Patterson,Patterson,Sunderland,https://resources.premierleague.com/premierleague/badges/70/t56.png,Goalkeeper,2026-27,0,0,0,0,0,0,4000000,,475946.0,2000-05-10,,,,
531,Melker Ellborg,Ellborg,Sunderland,https://resources.premierleague.com/premierleague/badges/70/t56.png,Goalkeeper,2026-27,0,0,0,0,0,0,4500000,,605426.0,2003-05-22,2580000.0,289,Sunderland AFC,289
532,Daniel Ballard,Ballard,Sunderland,https://resources.premierleague.com/premierleague/badges/70/t56.png,Defender,2026-27,450,0,0,1,10,0,4900000,,503686.0,1999-09-22,17200000.0,289,Sunderland AFC,289
533,Nordi Mukiele,Mukiele,Sunderland,https://resources.premierleague.com/premierleague/badges/70/t56.png,Defender,2026-27,360,0,0,1,8,0,5400000,,348026.0,1997-11-01,13760000.0,289,Sunderland AFC,289
534,Trai Hume,Hume,Sunderland,https://resources.premierleague.com/premierleague/badges/70/t56.png,Defender,2026-27,206,0,0,1,2,0,4300000,,515544.0,2002-03-18,18920000.0,289,Sunderland AFC,289
535,Omar Alderete,Alderete,Sunderland,https://resources.premierleague.com/premierleague/badges/70/t56.png,Defender,2026-27,23,0,0,0,1,0,4800000,,353032.0,1996-12-26,11180000.0,289,Sunderland AFC,289
536,Reinildo Mandava,Reinildo,Sunderland,https://resources.premierleague.com/premierleague/badges/70/t56.png,Defender,2026-27,360,0,0,1,5,0,4400000,,240692.0,1994-01-21,3440000.0,289,Sunderland AFC,289
537,Jenson Seelt,Seelt,Sunderland,https://resources.premierleague.com/premierleague/badges/70/t56.png,Defender,2026-27,0,0,0,0,0,0,4500000,,617755.0,2003-05-23,4300000.0,82,VfL Wolfsburg,82
538,Leo Fuhr Hjelde,Hjelde,Sunderland,https://resources.premierleague.com/premierleague/badges/70/t56.png,Defender,2026-27,0,0,0,0,0,0,4000000,https://resources.premierleague.com/premierleague/photos/players/110x140/p477547.png,661208.0,2003-08-26,1290000.0,289,Sunderland AFC,289
539,Luke O'Nien,O'Nien,Sunderland,https://resources.premierleague.com/premierleague/badges/70/t56.png,Defender,2026-27,66,0,0,0,1,0,3900000,,282939.0,1994-11-21,602000.0,289,Sunderland AFC,289
540,Arthur Masuaku,Masuaku,Sunderland,https://resources.premierleague.com/premierleague/badges/70/t56.png,Defender,2026-27,0,0,0,0,0,0,4000000,https://resources.premierleague.com/premierleague/photos/players/110x140/p105717.png,181380.0,1993-11-07,1720000.0,826,RC Lens,826
541,Thomas Meunier,Meunier,Sunderland,https://resources.premierleague.com/premierleague/badges/70/t56.png,Defender,2026-27,396,0,1,1,8,0,4500000,,100986.0,1991-09-12,1290000.0,1082,LOSC Lille,1082
542,Enzo Le Fée,E.Le Fée,Sunderland,https://resources.premierleague.com/premierleague/badges/70/t56.png,Midfielder,2026-27,438,1,1,1,9,0,5700000,,633992.0,2000-02-03,24080000.0,289,Sunderland AFC,289
543,Habib Diarra,Diarra,Sunderland,https://resources.premierleague.com/premierleague/badges/70/t56.png,Midfielder,2026-27,28,0,1,0,1,0,5400000,,876631.0,2004-01-03,30100000.0,289,Sunderland AFC,289
544,Granit Xhaka,Xhaka,Sunderland,https://resources.premierleague.com/premierleague/badges/70/t56.png,Midfielder,2026-27,450,0,1,1,10,0,5500000,https://resources.premierleague.com/premierleague/photos/players/110x140/p84450.png,111455.0,1992-09-27,6880000.0,289,Sunderland AFC,289
545,Noah Sadiki,Sadiki,Sunderland,https://resources.premierleague.com/premierleague/badges/70/t56.png,Midfielder,2026-27,410,0,0,1,9,0,4900000,,727089.0,2004-12-17,30100000.0,289,Sunderland AFC,289
546,Simon Adingra,Adingra,Sunderland,https://resources.premierleague.com/premierleague/badges/70/t56.png,Midfielder,2026-27,0,0,0,0,0,0,4900000,https://resources.premierleague.com/premierleague/photos/players/110x140/p535818.png,658536.0,2002-01-01,18920000.0,162,AS Monaco,162
547,Romaine Mundle,Mundle,Sunderland,https://resources.premierleague.com/premierleague/badges/70/t56.png,Midfielder,2026-27,1,0,0,0,0,0,4900000,https://resources.premierleague.com/premierleague/photos/players/110x140/p461199.png,696181.0,2003-04-24,6020000.0,289,Sunderland AFC,289
548,Chris Rigg,Rigg,Sunderland,https://resources.premierleague.com/premierleague/badges/70/t56.png,Midfielder,2026-27,17,0,0,0,1,0,4900000,,947411.0,2007-06-18,21500000.0,289,Sunderland AFC,289
549,Chemsdine Talbi,Talbi,Sunderland,https://resources.premierleague.com/premierleague/badges/70/t56.png,Midfielder,2026-27,31,0,0,0,1,0,5300000,,743384.0,2005-05-09,21500000.0,289,Sunderland AFC,289
550,Djiamgone Jocelin Ta Bi,Jocelin.T,Sunderland,https://resources.premierleague.com/premierleague/badges/70/t56.png,Midfielder,2026-27,0,0,0,0,0,0,5000000,,1322090.0,2005-02-09,2150000.0,289,Sunderland AFC,289
551,Nilson Angulo,N.Angulo,Sunderland,https://resources.premierleague.com/premierleague/badges/70/t56.png,Midfielder,2026-27,313,1,1,1,7,0,5000000,,903611.0,2003-06-19,14620000.0,289,Sunderland AFC,289
552,Brian Brobbey,Brobbey,Sunderland,https://resources.premierleague.com/premierleague/badges/70/t56.png,Forward,2026-27,399,3,0,1,9,0,5700000,,473169.0,2002-02-01,25800000.0,289,Sunderland AFC,289
553,Wilson Isidor,Isidor,Sunderland,https://resources.premierleague.com/premierleague/badges/70/t56.png,Forward,2026-27,117,1,1,0,3,0,5500000,,494237.0,2000-08-27,15480000.0,289,Sunderland AFC,289
612,Dayann Méthalie,Methalie,Sunderland,https://resources.premierleague.com/premierleague/badges/70/t56.png,Defender,2026-27,90,0,0,0,5,0,4500000,,1191444.0,2006-02-15,15480000.0,415,FC Toulouse,415
613,Jules Ahoka,Ahoka,Sunderland,https://resources.premierleague.com/premierleague/badges/70/t56.png,Midfielder,2026-27,0,0,0,0,0,0,4500000,,,,,,,
646,Malick Fofana,Fofana,Sunderland,https://resources.premierleague.com/premierleague/badges/70/t56.png,Midfielder,2026-27,60,0,0,0,2,0,5500000,,743386.0,2005-03-31,25800000.0,1041,Olympique Lyon,1041
651,Juan Angulo,J.Angulo,Sunderland,https://resources.premierleague.com/premierleague/badges/70/t56.png,Forward,2026-27,0,0,0,0,0,0,4500000,,,,,,,
