player_id,player,known_name,team,fpl_team_logo_url,position,season,fpl_minutes,fpl_goals,fpl_assists,fpl_clean_sheets,fpl_goals_conceded,fpl_saves,fpl_price_gbp,photo_url
1,David Raya Martín,Raya,Arsenal,https://resources.premierleague.com/premierleague/badges/70/t3.png,Goalkeeper,2026-27,450,0,0,3,4,9,6100000,https://resources.premierleague.com/premierleague/photos/players/110x140/p154561.png
2,Kepa Arrizabalaga Revuelta,Arrizabalaga,Arsenal,https://resources.premierleague.com/premierleague/badges/70/t3.png,Goalkeeper,2026-27,0,0,0,0,0,0,4900000,https://resources.premierleague.com/premierleague/photos/players/110x140/p109745.png
3,Illan Meslier,Meslier,Arsenal,https://resources.premierleague.com/premierleague/badges/70/t3.png,Goalkeeper,2026-27,0,0,0,0,0,0,4900000,https://resources.premierleague.com/premierleague/photos/players/110x140/p437495.png
4,Gabriel dos Santos Magalhães,Gabriel,Arsenal,https://resources.premierleague.com/premierleague/badges/70/t3.png,Defender,2026-27,450,0,0,3,4,0,8000000,https://resources.premierleague.com/premierleague/photos/players/110x140/p226597.png
5,Jurriën Timber,J.Timber,Arsenal,https://resources.premierleague.com/premierleague/badges/70/t3.png,Defender,2026-27,104,0,0,0,3,0,6500000,https://resources.premierleague.com/premierleague/photos/players/110x140/p445122.png
6,William Saliba,Saliba,Arsenal,https://resources.premierleague.com/premierleague/badges/70/t3.png,Defender,2026-27,0,0,0,0,0,0,5900000,https://resources.premierleague.com/premierleague/photos/players/110x140/p462424.png
7,Myles Lewis-Skelly,Lewis-Skelly,Arsenal,https://resources.premierleague.com/premierleague/badges/70/t3.png,Midfielder,2026-27,271,0,0,2,1,0,5400000,https://resources.premierleague.com/premierleague/photos/players/110x140/p499169.png
8,Riccardo Calafiori,Calafiori,Arsenal,https://resources.premierleague.com/premierleague/badges/70/t3.png,Defender,2026-27,416,0,2,3,4,0,5800000,https://resources.premierleague.com/premierleague/photos/players/110x140/p466075.png
9,Piero Hincapié,Hincapie,Arsenal,https://resources.premierleague.com/premierleague/badges/70/t3.png,Defender,2026-27,32,0,0,0,0,0,5200000,
10,Benjamin White,White,Arsenal,https://resources.premierleague.com/premierleague/badges/70/t3.png,Defender,2026-27,315,0,1,2,1,0,5500000,https://resources.premierleague.com/premierleague/photos/players/110x140/p198869.png
11,Cristhian Mosquera,Mosquera,Arsenal,https://resources.premierleague.com/premierleague/badges/70/t3.png,Defender,2026-27,168,0,0,2,0,0,5300000,
12,Bukayo Saka,Saka,Arsenal,https://resources.premierleague.com/premierleague/badges/70/t3.png,Midfielder,2026-27,416,3,0,3,4,0,9500000,https://resources.premierleague.com/premierleague/photos/players/110x140/p223340.png
13,Declan Rice,Rice,Arsenal,https://resources.premierleague.com/premierleague/badges/70/t3.png,Midfielder,2026-27,411,0,2,3,4,0,7400000,https://resources.premierleague.com/premierleague/photos/players/110x140/p204480.png
14,Eberechi Eze,Eze,Arsenal,https://resources.premierleague.com/premierleague/badges/70/t3.png,Midfielder,2026-27,85,0,0,0,0,0,6300000,https://resources.premierleague.com/premierleague/photos/players/110x140/p232413.png
15,Martin Ødegaard,Ødegaard,Arsenal,https://resources.premierleague.com/premierleague/badges/70/t3.png,Midfielder,2026-27,377,2,0,3,4,0,6800000,https://resources.premierleague.com/premierleague/photos/players/110x140/p184029.png
16,Noni Madueke,Madueke,Arsenal,https://resources.premierleague.com/premierleague/badges/70/t3.png,Midfielder,2026-27,23,0,0,0,0,0,6200000,https://resources.premierleague.com/premierleague/photos/players/110x140/p248857.png
17,Mikel Merino Zazón,Merino,Arsenal,https://resources.premierleague.com/premierleague/badges/70/t3.png,Midfielder,2026-27,81,0,0,0,0,0,5800000,https://resources.premierleague.com/premierleague/photos/players/110x140/p195384.png
18,Gabriel Martinelli Silva,Martinelli,Arsenal,https://resources.premierleague.com/premierleague/badges/70/t3.png,Midfielder,2026-27,0,0,0,0,0,0,6300000,https://resources.premierleague.com/premierleague/photos/players/110x140/p444145.png
19,Martín Zubimendi Ibáñez,Zubimendi,Arsenal,https://resources.premierleague.com/premierleague/badges/70/t3.png,Midfielder,2026-27,89,0,0,0,0,0,5300000,
20,Max Dowman,Dowman,Arsenal,https://resources.premierleague.com/premierleague/badges/70/t3.png,Midfielder,2026-27,9,0,0,0,0,0,5300000,
22,Ethan Nwaneri,Nwaneri,Arsenal,https://resources.premierleague.com/premierleague/badges/70/t3.png,Midfielder,2026-27,0,0,0,0,0,0,5400000,https://resources.premierleague.com/premierleague/photos/players/110x140/p499175.png
23,Fábio Ferreira Vieira,Fábio Vieira,Arsenal,https://resources.premierleague.com/premierleague/badges/70/t3.png,Midfielder,2026-27,0,0,0,0,0,0,5500000,https://resources.premierleague.com/premierleague/photos/players/110x140/p438098.png
24,Reiss Nelson,Nelson,Arsenal,https://resources.premierleague.com/premierleague/badges/70/t3.png,Midfielder,2026-27,0,0,0,0,0,0,5500000,https://resources.premierleague.com/premierleague/photos/players/110x140/p200641.png
25,Viktor Gyökeres,Gyökeres,Arsenal,https://resources.premierleague.com/premierleague/badges/70/t3.png,Forward,2026-27,29,0,0,0,0,0,7100000,https://resources.premierleague.com/premierleague/photos/players/110x140/p224117.png
26,Kai Havertz,Havertz,Arsenal,https://resources.premierleague.com/premierleague/badges/70/t3.png,Forward,2026-27,437,2,0,3,4,0,7600000,https://resources.premierleague.com/premierleague/photos/players/110x140/p219847.png
27,Gabriel Fernando de Jesus,G.Jesus,Arsenal,https://resources.premierleague.com/premierleague/badges/70/t3.png,Forward,2026-27,0,0,0,0,0,0,5900000,https://resources.premierleague.com/premierleague/photos/players/110x140/p205651.png
31,Ezri Konsa Ngoyo,Konsa,Arsenal,https://resources.premierleague.com/premierleague/badges/70/t3.png,Defender,2026-27,281,0,0,1,4,0,4600000,https://resources.premierleague.com/premierleague/photos/players/110x140/p199798.png
452,Bruno Guimarães Rodriguez Moura,Bruno G.,Arsenal,https://resources.premierleague.com/premierleague/badges/70/t3.png,Midfielder,2026-27,123,1,0,0,3,0,6700000,https://resources.premierleague.com/premierleague/photos/players/110x140/p208706.png
557,Christos Tzolis,Tzolis,Arsenal,https://resources.premierleague.com/premierleague/badges/70/t3.png,Midfielder,2026-27,362,0,2,2,4,0,6300000,https://resources.premierleague.com/premierleague/photos/players/110x140/p439509.png
29,Marco Bizot,M.Bizot,Aston Villa,https://resources.premierleague.com/premierleague/badges/70/t7.png,Goalkeeper,2026-27,90,0,0,0,4,3,4500000,
30,Lucas Digne,Digne,Aston Villa,https://resources.premierleague.com/premierleague/badges/70/t7.png,Defender,2026-27,0,0,0,0,0,0,4500000,https://resources.premierleague.com/premierleague/photos/players/110x140/p101188.png
32,Matty Cash,Cash,Aston Villa,https://resources.premierleague.com/premierleague/badges/70/t7.png,Defender,2026-27,296,0,0,1,7,0,4400000,https://resources.premierleague.com/premierleague/photos/players/110x140/p199796.png
33,Tyrone Mings,Mings,Aston Villa,https://resources.premierleague.com/premierleague/badges/70/t7.png,Defender,2026-27,261,0,0,1,4,0,4500000,https://resources.premierleague.com/premierleague/photos/players/110x140/p149484.png
34,Pau Torres,Pau,Aston Villa,https://resources.premierleague.com/premierleague/badges/70/t7.png,Defender,2026-27,187,0,0,0,5,0,4500000,https://resources.premierleague.com/premierleague/photos/players/110x140/p244954.png
35,Lamare Bogarde,Bogarde,Aston Villa,https://resources.premierleague.com/premierleague/badges/70/t7.png,Midfielder,2026-27,16,0,0,0,0,0,4900000,https://resources.premierleague.com/premierleague/photos/players/110x140/p515597.png
36,Ian Maatsen,Maatsen,Aston Villa,https://resources.premierleague.com/premierleague/badges/70/t7.png,Defender,2026-27,335,0,0,1,7,0,4400000,https://resources.premierleague.com/premierleague/photos/players/110x140/p441302.png
37,Victor Lindelöf,Lindelöf,Aston Villa,https://resources.premierleague.com/premierleague/badges/70/t7.png,Defender,2026-27,450,0,0,1,9,0,4500000,https://resources.premierleague.com/premierleague/photos/players/110x140/p184667.png
38,Andrés García,A.García,Aston Villa,https://resources.premierleague.com/premierleague/badges/70/t7.png,Defender,2026-27,0,0,0,0,0,0,4000000,https://resources.premierleague.com/premierleague/photos/players/110x140/p606798.png
39,Kosta Nedeljkovic,Nedeljkovic,Aston Villa,https://resources.premierleague.com/premierleague/badges/70/t7.png,Defender,2026-27,0,0,0,0,0,0,4000000,https://resources.premierleague.com/premierleague/photos/players/110x140/p578545.png
41,Emiliano Buendía Stati,Buendía,Aston Villa,https://resources.premierleague.com/premierleague/badges/70/t7.png,Midfielder,2026-27,401,1,0,1,8,0,5900000,https://resources.premierleague.com/premierleague/photos/players/110x140/p195546.png
44,Leon Bailey,Bailey,Aston Villa,https://resources.premierleague.com/premierleague/badges/70/t7.png,Midfielder,2026-27,0,0,0,0,0,0,5400000,https://resources.premierleague.com/premierleague/photos/players/110x140/p215711.png
45,John McGinn,McGinn,Aston Villa,https://resources.premierleague.com/premierleague/badges/70/t7.png,Midfielder,2026-27,434,0,2,2,7,0,5400000,https://resources.premierleague.com/premierleague/photos/players/110x140/p122806.png
46,Ross Barkley,Barkley,Aston Villa,https://resources.premierleague.com/premierleague/badges/70/t7.png,Midfielder,2026-27,308,0,0,1,8,0,5000000,https://resources.premierleague.com/premierleague/photos/players/110x140/p88894.png
47,Boubacar Kamara,Kamara,Aston Villa,https://resources.premierleague.com/premierleague/badges/70/t7.png,Midfielder,2026-27,443,0,1,2,7,0,5000000,https://resources.premierleague.com/premierleague/photos/players/110x140/p226944.png
48,Amadou Onana,Onana,Aston Villa,https://resources.premierleague.com/premierleague/badges/70/t7.png,Midfielder,2026-27,0,0,0,0,0,0,4900000,https://resources.premierleague.com/premierleague/photos/players/110x140/p449871.png
49,Samuel Iling-Junior,Iling Jr,Aston Villa,https://resources.premierleague.com/premierleague/badges/70/t7.png,Midfielder,2026-27,0,0,0,0,0,0,5000000,https://resources.premierleague.com/premierleague/photos/players/110x140/p469247.png
50,Bradley Burrowes,Burrowes,Aston Villa,https://resources.premierleague.com/premierleague/badges/70/t7.png,Midfielder,2026-27,0,0,0,0,0,0,4500000,
51,George Hemmings,George Hemmings,Aston Villa,https://resources.premierleague.com/premierleague/badges/70/t7.png,Midfielder,2026-27,297,0,0,1,7,0,4500000,
52,Alysson Edward Franco da Rocha dos Santos,Alysson,Aston Villa,https://resources.premierleague.com/premierleague/badges/70/t7.png,Midfielder,2026-27,87,1,0,0,2,0,5000000,
53,Johan Manzambi,Manzambi,Aston Villa,https://resources.premierleague.com/premierleague/badges/70/t7.png,Midfielder,2026-27,98,1,1,1,1,0,5900000,
54,Joao Gomes,Gomes,Aston Villa,https://resources.premierleague.com/premierleague/badges/70/t7.png,Midfielder,2026-27,129,0,0,0,6,0,5500000,https://resources.premierleague.com/premierleague/photos/players/110x140/p448089.png
55,Ollie Watkins,Watkins,Aston Villa,https://resources.premierleague.com/premierleague/badges/70/t7.png,Forward,2026-27,0,0,0,0,0,0,7800000,https://resources.premierleague.com/premierleague/photos/players/110x140/p178301.png
56,Tammy Abraham,Abraham,Aston Villa,https://resources.premierleague.com/premierleague/badges/70/t7.png,Forward,2026-27,71,0,0,0,3,0,5500000,https://resources.premierleague.com/premierleague/photos/players/110x140/p173879.png
160,Alejandro Garnacho Ferreyra,Garnacho,Aston Villa,https://resources.premierleague.com/premierleague/badges/70/t7.png,Midfielder,2026-27,31,0,0,0,0,0,5800000,https://resources.premierleague.com/premierleague/photos/players/110x140/p493105.png
166,Nicolas Jackson,N.Jackson,Aston Villa,https://resources.premierleague.com/premierleague/badges/70/t7.png,Forward,2026-27,286,1,0,1,2,0,6500000,https://resources.premierleague.com/premierleague/photos/players/110x140/p517052.png
582,Brian Madjo,Madjo,Aston Villa,https://resources.premierleague.com/premierleague/badges/70/t7.png,Forward,2026-27,0,0,0,0,0,0,5400000,
596,Matteo Ruggeri,Ruggeri,Aston Villa,https://resources.premierleague.com/premierleague/badges/70/t7.png,Defender,2026-27,113,0,0,0,2,0,4500000,
597,Zion Suzuki,Suzuki,Aston Villa,https://resources.premierleague.com/premierleague/badges/70/t7.png,Goalkeeper,2026-27,360,0,0,1,5,15,5000000,
606,Triston Rowe,Rowe,Aston Villa,https://resources.premierleague.com/premierleague/badges/70/t7.png,Defender,2026-27,0,0,0,0,0,0,4000000,
607,Luka Lynch,Lynch,Aston Villa,https://resources.premierleague.com/premierleague/badges/70/t7.png,Midfielder,2026-27,0,0,0,0,0,0,4500000,
611,Aaron Wan-Bissaka,Wan-Bissaka,Aston Villa,https://resources.premierleague.com/premierleague/badges/70/t7.png,Defender,2026-27,152,0,0,0,2,0,4500000,https://resources.premierleague.com/premierleague/photos/players/110x140/p214590.png
618,Leon Goretzka,Goretzka,Aston Villa,https://resources.premierleague.com/premierleague/badges/70/t7.png,Midfielder,2026-27,0,0,0,0,0,0,5900000,
630,Taylor Harwood-Bellis,Harwood-Bellis,Aston Villa,https://resources.premierleague.com/premierleague/badges/70/t7.png,Defender,2026-27,0,0,0,0,0,0,4500000,https://resources.premierleague.com/premierleague/photos/players/110x140/p245719.png
631,Ibrahim Mbaye,Mbaye,Aston Villa,https://resources.premierleague.com/premierleague/badges/70/t7.png,Midfielder,2026-27,33,0,0,0,3,0,6000000,
667,James Wright,Wright,Aston Villa,https://resources.premierleague.com/premierleague/badges/70/t7.png,Goalkeeper,2026-27,0,0,0,0,0,0,4000000,
57,Đorđe Petrović,Petrović,Bournemouth,https://resources.premierleague.com/premierleague/badges/70/t91.png,Goalkeeper,2026-27,450,0,0,0,8,11,4500000,https://resources.premierleague.com/premierleague/photos/players/110x140/p457569.png
58,Fraser Forster,Forster,Bournemouth,https://resources.premierleague.com/premierleague/badges/70/t91.png,Goalkeeper,2026-27,0,0,0,0,0,0,4000000,https://resources.premierleague.com/premierleague/photos/players/110x140/p40383.png
59,Will Dennis,Dennis,Bournemouth,https://resources.premierleague.com/premierleague/badges/70/t91.png,Goalkeeper,2026-27,0,0,0,0,0,0,4000000,https://resources.premierleague.com/premierleague/photos/players/110x140/p444172.png
60,James Hill,Hill,Bournemouth,https://resources.premierleague.com/premierleague/badges/70/t91.png,Defender,2026-27,450,0,0,0,8,0,5500000,https://resources.premierleague.com/premierleague/photos/players/110x140/p463981.png
61,Adrien Truffert,Truffert,Bournemouth,https://resources.premierleague.com/premierleague/badges/70/t91.png,Defender,2026-27,450,0,0,0,8,0,5400000,
62,Bafodé Diakité,Diakité,Bournemouth,https://resources.premierleague.com/premierleague/badges/70/t91.png,Defender,2026-27,0,0,0,0,0,0,4900000,
63,Veljko Milosavljevic,Milosavljević,Bournemouth,https://resources.premierleague.com/premierleague/badges/70/t91.png,Defender,2026-27,0,0,0,0,0,0,4900000,
64,Adam Smith,Smith,Bournemouth,https://resources.premierleague.com/premierleague/badges/70/t91.png,Defender,2026-27,434,0,0,0,8,0,4500000,https://resources.premierleague.com/premierleague/photos/players/110x140/p54469.png
65,Julián Araujo Zúñiga,J.Araujo,Bournemouth,https://resources.premierleague.com/premierleague/badges/70/t91.png,Defender,2026-27,0,0,0,0,0,0,4400000,https://resources.premierleague.com/premierleague/photos/players/110x140/p436893.png
66,Julio Soler Barreto,Soler,Bournemouth,https://resources.premierleague.com/premierleague/badges/70/t91.png,Defender,2026-27,0,0,0,0,0,0,4000000,
67,Rayan Vitor Simplício Rocha,Rayan,Bournemouth,https://resources.premierleague.com/premierleague/badges/70/t91.png,Midfielder,2026-27,434,0,0,0,7,0,6300000,
68,Marcus Tavernier,Tavernier,Bournemouth,https://resources.premierleague.com/premierleague/badges/70/t91.png,Midfielder,2026-27,424,3,0,0,8,0,6100000,https://resources.premierleague.com/premierleague/photos/players/110x140/p201658.png
69,Alex Scott,Scott,Bournemouth,https://resources.premierleague.com/premierleague/badges/70/t91.png,Midfielder,2026-27,446,1,2,1,7,0,6100000,https://resources.premierleague.com/premierleague/photos/players/110x140/p503139.png
70,Justin Kluivert,Kluivert,Bournemouth,https://resources.premierleague.com/premierleague/badges/70/t91.png,Midfielder,2026-27,294,1,0,2,3,0,6000000,https://resources.premierleague.com/premierleague/photos/players/110x140/p222683.png
71,Lewis Cook,Cook,Bournemouth,https://resources.premierleague.com/premierleague/badges/70/t91.png,Midfielder,2026-27,180,0,0,2,1,0,5000000,https://resources.premierleague.com/premierleague/photos/players/110x140/p155408.png
72,Ben Gannon-Doak,Gannon-Doak,Bournemouth,https://resources.premierleague.com/premierleague/badges/70/t91.png,Midfielder,2026-27,12,0,0,0,1,0,4900000,https://resources.premierleague.com/premierleague/photos/players/110x140/p496208.png
73,Tyler Adams,Adams,Bournemouth,https://resources.premierleague.com/premierleague/badges/70/t91.png,Midfielder,2026-27,279,0,0,0,7,0,5000000,https://resources.premierleague.com/premierleague/photos/players/110x140/p200785.png
74,David Brooks,Brooks,Bournemouth,https://resources.premierleague.com/premierleague/badges/70/t91.png,Midfielder,2026-27,45,0,0,0,2,0,5000000,https://resources.premierleague.com/premierleague/photos/players/110x140/p111317.png
75,Ryan Christie,Christie,Bournemouth,https://resources.premierleague.com/premierleague/badges/70/t91.png,Midfielder,2026-27,102,0,0,0,2,0,5000000,https://resources.premierleague.com/premierleague/photos/players/110x140/p158499.png
76,Alex Tóth,Tóth.A,Bournemouth,https://resources.premierleague.com/premierleague/badges/70/t91.png,Midfielder,2026-27,17,0,0,0,2,0,4900000,
77,Amine Adli,Adli,Bournemouth,https://resources.premierleague.com/premierleague/badges/70/t91.png,Midfielder,2026-27,0,0,0,0,0,0,4900000,
78,Junior Kroupi,Kroupi.Jr,Bournemouth,https://resources.premierleague.com/premierleague/badges/70/t91.png,Midfielder,2026-27,0,0,0,0,0,0,7400000,
79,Francisco Evanilson de Lima Barbosa,Evanilson,Bournemouth,https://resources.premierleague.com/premierleague/badges/70/t91.png,Forward,2026-27,424,0,3,2,5,0,6000000,https://resources.premierleague.com/premierleague/photos/players/110x140/p444102.png
80,Enes Ünal,Enes Ünal,Bournemouth,https://resources.premierleague.com/premierleague/badges/70/t91.png,Forward,2026-27,0,0,0,0,0,0,5500000,https://resources.premierleague.com/premierleague/photos/players/110x140/p168636.png
81,Álvaro Rodríguez,Rodríguez,Bournemouth,https://resources.premierleague.com/premierleague/badges/70/t91.png,Forward,2026-27,10,0,0,0,1,0,6000000,
566,António João Pereira de Albuquerque Tavares da Silva,Silva,Bournemouth,https://resources.premierleague.com/premierleague/badges/70/t91.png,Defender,2026-27,450,0,0,0,8,0,5000000,
573,Juanlu Sánchez,Sanchez,Bournemouth,https://resources.premierleague.com/premierleague/badges/70/t91.png,Defender,2026-27,0,0,0,0,0,0,4400000,
608,Daniel Jebbison,Jebbison,Bournemouth,https://resources.premierleague.com/premierleague/badges/70/t91.png,Forward,2026-27,31,0,0,0,2,0,5000000,https://resources.premierleague.com/premierleague/photos/players/110x140/p523700.png
615,Michele Di Gregorio,Di Gregorio,Bournemouth,https://resources.premierleague.com/premierleague/badges/70/t91.png,Goalkeeper,2026-27,0,0,0,0,0,0,4500000,
82,Caoimhín Kelleher,Kelleher,Brentford,https://resources.premierleague.com/premierleague/badges/70/t94.png,Goalkeeper,2026-27,450,0,0,2,4,17,5000000,https://resources.premierleague.com/premierleague/photos/players/110x140/p200720.png
83,Hákon Rafn Valdimarsson,Valdimarsson,Brentford,https://resources.premierleague.com/premierleague/badges/70/t94.png,Goalkeeper,2026-27,0,0,0,0,0,0,4500000,https://resources.premierleague.com/premierleague/photos/players/110x140/p507433.png
84,Nathan Collins,Collins,Brentford,https://resources.premierleague.com/premierleague/badges/70/t94.png,Defender,2026-27,196,0,0,1,1,0,5400000,https://resources.premierleague.com/premierleague/photos/players/110x140/p432830.png
85,Sepp van den Berg,Van den Berg,Brentford,https://resources.premierleague.com/premierleague/badges/70/t94.png,Defender,2026-27,0,0,0,0,0,0,4900000,https://resources.premierleague.com/premierleague/photos/players/110x140/p444765.png
86,Keane Lewis-Potter,Lewis-Potter,Brentford,https://resources.premierleague.com/premierleague/badges/70/t94.png,Midfielder,2026-27,406,1,1,2,4,0,5500000,https://resources.premierleague.com/premierleague/photos/players/110x140/p249231.png
87,Kristoffer Ajer,Ajer,Brentford,https://resources.premierleague.com/premierleague/badges/70/t94.png,Defender,2026-27,450,0,0,2,4,0,4500000,https://resources.premierleague.com/premierleague/photos/players/110x140/p191866.png
88,Michael Kayode,Kayode,Brentford,https://resources.premierleague.com/premierleague/badges/70/t94.png,Defender,2026-27,294,1,0,2,1,0,4600000,https://resources.premierleague.com/premierleague/photos/players/110x140/p607464.png
89,Rico Henry,Henry,Brentford,https://resources.premierleague.com/premierleague/badges/70/t94.png,Defender,2026-27,2,0,0,0,0,0,4400000,https://resources.premierleague.com/premierleague/photos/players/110x140/p194010.png
90,Aaron Hickey,Hickey,Brentford,https://resources.premierleague.com/premierleague/badges/70/t94.png,Defender,2026-27,152,0,0,0,3,0,4500000,https://resources.premierleague.com/premierleague/photos/players/110x140/p472713.png
92,Kim Ji-soo,Ji-soo,Brentford,https://resources.premierleague.com/premierleague/badges/70/t94.png,Defender,2026-27,0,0,0,0,0,0,4400000,https://resources.premierleague.com/premierleague/photos/players/110x140/p570241.png
93,Jannik Schuster,Schuster,Brentford,https://resources.premierleague.com/premierleague/badges/70/t94.png,Defender,2026-27,253,0,1,1,3,0,4500000,
94,Kevin Schade,Schade,Brentford,https://resources.premierleague.com/premierleague/badges/70/t94.png,Midfielder,2026-27,447,3,2,2,4,0,6200000,https://resources.premierleague.com/premierleague/photos/players/110x140/p513418.png
95,Dango Ouattara,O.Dango,Brentford,https://resources.premierleague.com/premierleague/badges/70/t94.png,Midfielder,2026-27,179,0,0,1,1,0,6300000,https://resources.premierleague.com/premierleague/photos/players/110x140/p533463.png
96,Mikkel Damsgaard,Damsgaard,Brentford,https://resources.premierleague.com/premierleague/badges/70/t94.png,Midfielder,2026-27,283,0,1,2,1,0,5400000,https://resources.premierleague.com/premierleague/photos/players/110x140/p440089.png
97,Mathias Jensen,Jensen,Brentford,https://resources.premierleague.com/premierleague/badges/70/t94.png,Midfielder,2026-27,66,0,1,1,0,0,5400000,https://resources.premierleague.com/premierleague/photos/players/110x140/p207283.png
98,Vitaly Janelt,Janelt,Brentford,https://resources.premierleague.com/premierleague/badges/70/t94.png,Midfielder,2026-27,450,2,0,2,4,0,5000000,https://resources.premierleague.com/premierleague/photos/players/110x140/p204580.png
99,Antoni Milambo,Milambo,Brentford,https://resources.premierleague.com/premierleague/badges/70/t94.png,Midfielder,2026-27,0,0,0,0,0,0,5000000,
100,Fábio Freitas Gouveia Carvalho,Carvalho,Brentford,https://resources.premierleague.com/premierleague/badges/70/t94.png,Midfielder,2026-27,3,1,0,0,0,0,5000000,https://resources.premierleague.com/premierleague/photos/players/110x140/p244858.png
102,Yehor Yarmoliuk,Yarmoliuk,Brentford,https://resources.premierleague.com/premierleague/badges/70/t94.png,Midfielder,2026-27,216,0,1,1,4,0,4800000,https://resources.premierleague.com/premierleague/photos/players/110x140/p508395.png
103,Josh Dasilva,Dasilva,Brentford,https://resources.premierleague.com/premierleague/badges/70/t94.png,Midfielder,2026-27,0,0,0,0,0,0,4900000,https://resources.premierleague.com/premierleague/photos/players/110x140/p183656.png
105,Jaidon Anthony,Anthony,Brentford,https://resources.premierleague.com/premierleague/badges/70/t94.png,Midfielder,2026-27,267,1,0,2,3,0,5900000,https://resources.premierleague.com/premierleague/photos/players/110x140/p444180.png
106,Igor Thiago Nascimento Rodrigues,Thiago,Brentford,https://resources.premierleague.com/premierleague/badges/70/t94.png,Forward,2026-27,442,1,0,2,4,0,7800000,https://resources.premierleague.com/premierleague/photos/players/110x140/p502500.png
107,Kaye Furo,Furo,Brentford,https://resources.premierleague.com/premierleague/badges/70/t94.png,Forward,2026-27,0,0,0,0,0,0,4500000,
108,Callum Wilson,Wilson,Brentford,https://resources.premierleague.com/premierleague/badges/70/t94.png,Forward,2026-27,13,0,0,0,0,0,5400000,https://resources.premierleague.com/premierleague/photos/players/110x140/p75115.png
565,Mamadou Sangaré,M.Sangaré,Brentford,https://resources.premierleague.com/premierleague/badges/70/t94.png,Midfielder,2026-27,321,0,2,1,3,0,5600000,
620,El Hadji Malick Diouf,Diouf,Brentford,https://resources.premierleague.com/premierleague/badges/70/t94.png,Defender,2026-27,39,0,0,0,0,0,4500000,
657,Gustavo Nunes Fernandes Gomes,Nunes,Brentford,https://resources.premierleague.com/premierleague/badges/70/t94.png,Midfielder,2026-27,0,0,0,0,0,0,4500000,https://resources.premierleague.com/premierleague/photos/players/110x140/p626464.png
660,Benjamin Fredrick,Fredrick,Brentford,https://resources.premierleague.com/premierleague/badges/70/t94.png,Defender,2026-27,0,0,0,0,0,0,4000000,https://resources.premierleague.com/premierleague/photos/players/110x140/p612534.png
661,Ellery Balcombe,Balcombe,Brentford,https://resources.premierleague.com/premierleague/badges/70/t94.png,Goalkeeper,2026-27,0,0,0,0,0,0,4000000,https://resources.premierleague.com/premierleague/photos/players/110x140/p235448.png
109,Bart Verbruggen,Verbruggen,Brighton,https://resources.premierleague.com/premierleague/badges/70/t36.png,Goalkeeper,2026-27,450,0,0,3,5,12,4500000,https://resources.premierleague.com/premierleague/photos/players/110x140/p489639.png
111,Jason Steele,Steele,Brighton,https://resources.premierleague.com/premierleague/badges/70/t36.png,Goalkeeper,2026-27,0,0,0,0,0,0,4000000,https://resources.premierleague.com/premierleague/photos/players/110x140/p49262.png
113,Ferdi Kadıoğlu,F.Kadıoğlu,Brighton,https://resources.premierleague.com/premierleague/badges/70/t36.png,Defender,2026-27,332,0,0,2,5,0,4400000,https://resources.premierleague.com/premierleague/photos/players/110x140/p231416.png
114,Olivier Boscagli,Boscagli,Brighton,https://resources.premierleague.com/premierleague/badges/70/t36.png,Defender,2026-27,437,0,0,3,5,0,4500000,
115,Maxim De Cuyper,De Cuyper,Brighton,https://resources.premierleague.com/premierleague/badges/70/t36.png,Defender,2026-27,423,1,3,3,5,0,4900000,
116,Lewis Dunk,Dunk,Brighton,https://resources.premierleague.com/premierleague/badges/70/t36.png,Defender,2026-27,360,1,0,2,5,0,4500000,https://resources.premierleague.com/premierleague/photos/players/110x140/p83299.png
117,Diego Coppola,Coppola,Brighton,https://resources.premierleague.com/premierleague/badges/70/t36.png,Defender,2026-27,0,0,0,0,0,0,4500000,
118,Igor Julio dos Santos de Paulo,Igor,Brighton,https://resources.premierleague.com/premierleague/badges/70/t36.png,Defender,2026-27,0,0,0,0,0,0,4500000,https://resources.premierleague.com/premierleague/photos/players/110x140/p223434.png
119,João Pedro Loureiro da Costa,Costinha,Brighton,https://resources.premierleague.com/premierleague/badges/70/t36.png,Defender,2026-27,68,0,0,0,0,0,4500000,
120,Michael Svoboda,Svoboda,Brighton,https://resources.premierleague.com/premierleague/badges/70/t36.png,Defender,2026-27,4,0,0,0,0,0,5000000,
121,Mitoma Kaoru,Mitoma,Brighton,https://resources.premierleague.com/premierleague/badges/70/t36.png,Midfielder,2026-27,0,0,0,0,0,0,5900000,https://resources.premierleague.com/premierleague/photos/players/110x140/p451340.png
122,Yankuba Minteh,Minteh,Brighton,https://resources.premierleague.com/premierleague/badges/70/t36.png,Midfielder,2026-27,0,0,0,0,0,0,5800000,https://resources.premierleague.com/premierleague/photos/players/110x140/p592031.png
123,Jack Hinshelwood,Hinshelwood,Brighton,https://resources.premierleague.com/premierleague/badges/70/t36.png,Midfielder,2026-27,63,2,0,1,0,0,5900000,https://resources.premierleague.com/premierleague/photos/players/110x140/p532529.png
124,Pascal Groß,Groß,Brighton,https://resources.premierleague.com/premierleague/badges/70/t36.png,Midfielder,2026-27,450,3,4,3,5,0,5800000,https://resources.premierleague.com/premierleague/photos/players/110x140/p60307.png
125,Georginio Rutter,Georginio,Brighton,https://resources.premierleague.com/premierleague/badges/70/t36.png,Forward,2026-27,104,0,1,1,0,0,5300000,https://resources.premierleague.com/premierleague/photos/players/110x140/p463067.png
126,Matt O'Riley,O'Riley,Brighton,https://resources.premierleague.com/premierleague/badges/70/t36.png,Midfielder,2026-27,10,0,0,0,0,0,5400000,https://resources.premierleague.com/premierleague/photos/players/110x140/p219249.png
127,Diego Gómez Amarilla,Gomez,Brighton,https://resources.premierleague.com/premierleague/badges/70/t36.png,Midfielder,2026-27,433,0,3,3,5,0,5000000,https://resources.premierleague.com/premierleague/photos/players/110x140/p514254.png
128,Facundo Buonanotte,Buonanotte,Brighton,https://resources.premierleague.com/premierleague/badges/70/t36.png,Midfielder,2026-27,0,0,0,0,0,0,5000000,https://resources.premierleague.com/premierleague/photos/players/110x140/p536916.png
129,Yasin Ayari,Ayari,Brighton,https://resources.premierleague.com/premierleague/badges/70/t36.png,Midfielder,2026-27,333,1,0,3,1,0,5400000,https://resources.premierleague.com/premierleague/photos/players/110x140/p509416.png
130,Mats Wieffer,Wieffer,Brighton,https://resources.premierleague.com/premierleague/badges/70/t36.png,Defender,2026-27,156,0,0,1,4,0,4900000,https://resources.premierleague.com/premierleague/photos/players/110x140/p467779.png
132,Harry Howell,Howell,Brighton,https://resources.premierleague.com/premierleague/badges/70/t36.png,Midfielder,2026-27,0,0,0,0,0,0,4500000,
133,Tom Watson,Watson,Brighton,https://resources.premierleague.com/premierleague/badges/70/t36.png,Midfielder,2026-27,0,0,0,0,0,0,5000000,
134,Nehemiah Oriola,Oriola,Brighton,https://resources.premierleague.com/premierleague/badges/70/t36.png,Midfielder,2026-27,0,0,0,0,0,0,4500000,
135,Zadok Yohanna,Yohanna,Brighton,https://resources.premierleague.com/premierleague/badges/70/t36.png,Midfielder,2026-27,12,0,0,0,0,0,4900000,
137,Stefanos Tzimas,Tzimas,Brighton,https://resources.premierleague.com/premierleague/badges/70/t36.png,Forward,2026-27,0,0,0,0,0,0,5400000,
138,Charalampos Kostoulas,Kostoulas,Brighton,https://resources.premierleague.com/premierleague/badges/70/t36.png,Forward,2026-27,353,2,3,2,5,0,5600000,
139,Evan Ferguson,Ferguson,Brighton,https://resources.premierleague.com/premierleague/badges/70/t36.png,Forward,2026-27,0,0,0,0,0,0,5000000,https://resources.premierleague.com/premierleague/photos/players/110x140/p487117.png
328,Pascal Struijk,Struijk,Brighton,https://resources.premierleague.com/premierleague/badges/70/t36.png,Defender,2026-27,98,0,0,1,0,0,4900000,https://resources.premierleague.com/premierleague/photos/players/110x140/p222694.png
504,Luka Vušković,Vuskovic,Brighton,https://resources.premierleague.com/premierleague/badges/70/t36.png,Defender,2026-27,437,1,0,3,5,0,5000000,
594,Promise David,David,Brighton,https://resources.premierleague.com/premierleague/badges/70/t36.png,Forward,2026-27,23,0,0,0,0,0,5900000,
600,Ibrahim Osman,Osman,Brighton,https://resources.premierleague.com/premierleague/badges/70/t36.png,Midfielder,2026-27,40,0,0,0,1,0,5000000,https://resources.premierleague.com/premierleague/photos/players/110x140/p612855.png
605,Malick Yalcouyé,Yalcouyé,Brighton,https://resources.premierleague.com/premierleague/badges/70/t36.png,Midfielder,2026-27,236,2,0,1,4,0,4500000,https://resources.premierleague.com/premierleague/photos/players/110x140/p611695.png
614,Jaouen Hadjam,Hadjam,Brighton,https://resources.premierleague.com/premierleague/badges/70/t36.png,Defender,2026-27,0,0,0,0,0,0,4500000,
624,Amario Cozier-Duberry,Cozier-Duberry,Brighton,https://resources.premierleague.com/premierleague/badges/70/t36.png,Midfielder,2026-27,0,0,0,0,0,0,5000000,https://resources.premierleague.com/premierleague/photos/players/110x140/p519324.png
639,José María Andrés Baixauli,Andrés,Brighton,https://resources.premierleague.com/premierleague/badges/70/t36.png,Midfielder,2026-27,109,1,1,1,0,0,5500000,
652,Femi Azeez,Azeez,Brighton,https://resources.premierleague.com/premierleague/badges/70/t36.png,Midfielder,2026-27,0,0,0,0,0,0,5500000,
658,Younes Ibrahim,Ibrahim,Brighton,https://resources.premierleague.com/premierleague/badges/70/t36.png,Midfielder,2026-27,0,0,0,0,0,0,4500000,
28,Emiliano Martínez Romero,Martinez,Chelsea,https://resources.premierleague.com/premierleague/badges/70/t8.png,Goalkeeper,2026-27,360,0,0,0,10,18,5000000,https://resources.premierleague.com/premierleague/photos/players/110x140/p98980.png
40,Morgan Rogers,Rogers,Chelsea,https://resources.premierleague.com/premierleague/badges/70/t8.png,Midfielder,2026-27,437,3,1,0,12,0,7700000,https://resources.premierleague.com/premierleague/photos/players/110x140/p244850.png
101,Jordan Henderson,Henderson,Chelsea,https://resources.premierleague.com/premierleague/badges/70/t8.png,Midfielder,2026-27,90,0,0,0,3,0,4900000,https://resources.premierleague.com/premierleague/photos/players/110x140/p56979.png
136,Danny Welbeck,Welbeck,Chelsea,https://resources.premierleague.com/premierleague/badges/70/t8.png,Forward,2026-27,85,0,0,0,1,0,5900000,https://resources.premierleague.com/premierleague/photos/players/110x140/p50175.png
140,Robert Lynch Sánchez,Sánchez,Chelsea,https://resources.premierleague.com/premierleague/badges/70/t8.png,Goalkeeper,2026-27,90,0,0,0,2,4,4900000,https://resources.premierleague.com/premierleague/photos/players/110x140/p215059.png
141,Filip Jörgensen,Jörgensen,Chelsea,https://resources.premierleague.com/premierleague/badges/70/t8.png,Goalkeeper,2026-27,0,0,0,0,0,0,5000000,https://resources.premierleague.com/premierleague/photos/players/110x140/p508479.png
142,Reece James,James,Chelsea,https://resources.premierleague.com/premierleague/badges/70/t8.png,Defender,2026-27,292,0,0,0,7,0,5400000,https://resources.premierleague.com/premierleague/photos/players/110x140/p225796.png
143,Trevoh Chalobah,Chalobah,Chelsea,https://resources.premierleague.com/premierleague/badges/70/t8.png,Defender,2026-27,0,0,0,0,0,0,5500000,https://resources.premierleague.com/premierleague/photos/players/110x140/p180736.png
144,Malo Gusto,Gusto,Chelsea,https://resources.premierleague.com/premierleague/badges/70/t8.png,Defender,2026-27,272,0,0,0,7,0,4900000,https://resources.premierleague.com/premierleague/photos/players/110x140/p482609.png
145,Wesley Fofana,Fofana,Chelsea,https://resources.premierleague.com/premierleague/badges/70/t8.png,Defender,2026-27,312,0,0,0,7,0,5000000,https://resources.premierleague.com/premierleague/photos/players/110x140/p444463.png
146,Benoît Badiashile Mukinayi,B.Badiashile,Chelsea,https://resources.premierleague.com/premierleague/badges/70/t8.png,Defender,2026-27,0,0,0,0,0,0,4500000,https://resources.premierleague.com/premierleague/photos/players/110x140/p242880.png
148,Jorrel Hato,Hato,Chelsea,https://resources.premierleague.com/premierleague/badges/70/t8.png,Defender,2026-27,258,0,2,0,9,0,4500000,
149,Levi Samuels Colwill,Colwill,Chelsea,https://resources.premierleague.com/premierleague/badges/70/t8.png,Defender,2026-27,341,0,0,0,9,0,4800000,https://resources.premierleague.com/premierleague/photos/players/110x140/p460028.png
150,Mamadou Sarr,M.Sarr,Chelsea,https://resources.premierleague.com/premierleague/badges/70/t8.png,Defender,2026-27,0,0,0,0,0,0,4500000,
151,Josh Acheampong,Acheampong,Chelsea,https://resources.premierleague.com/premierleague/badges/70/t8.png,Defender,2026-27,221,0,0,0,7,0,4500000,https://resources.premierleague.com/premierleague/photos/players/110x140/p577016.png
152,Marco Palestra,Palestra,Chelsea,https://resources.premierleague.com/premierleague/badges/70/t8.png,Defender,2026-27,0,0,0,0,0,0,5300000,
154,Cole Palmer,Palmer,Chelsea,https://resources.premierleague.com/premierleague/badges/70/t8.png,Midfielder,2026-27,442,2,2,0,12,0,9700000,https://resources.premierleague.com/premierleague/photos/players/110x140/p244851.png
156,Pedro Lomba Neto,Neto,Chelsea,https://resources.premierleague.com/premierleague/badges/70/t8.png,Midfielder,2026-27,332,1,0,0,8,0,6500000,https://resources.premierleague.com/premierleague/photos/players/110x140/p247632.png
157,Estêvão Almeida de Oliveira Gonçalves,Estêvão,Chelsea,https://resources.premierleague.com/premierleague/badges/70/t8.png,Midfielder,2026-27,23,0,0,0,1,0,6300000,
158,Jamie Bynoe-Gittens,Gittens,Chelsea,https://resources.premierleague.com/premierleague/badges/70/t8.png,Midfielder,2026-27,0,0,0,0,0,0,5800000,
159,Moisés Caicedo Corozo,Caicedo,Chelsea,https://resources.premierleague.com/premierleague/badges/70/t8.png,Midfielder,2026-27,13,0,0,0,0,0,5300000,https://resources.premierleague.com/premierleague/photos/players/110x140/p486672.png
161,Roméo Lavia,Lavia,Chelsea,https://resources.premierleague.com/premierleague/badges/70/t8.png,Midfielder,2026-27,258,1,0,0,8,0,5000000,https://resources.premierleague.com/premierleague/photos/players/110x140/p514356.png
163,Dário Luís Essugo,D.Essugo,Chelsea,https://resources.premierleague.com/premierleague/badges/70/t8.png,Midfielder,2026-27,0,0,0,0,0,0,4500000,
164,Geovany Quenda,Quenda,Chelsea,https://resources.premierleague.com/premierleague/badges/70/t8.png,Midfielder,2026-27,27,0,0,0,2,0,5300000,
165,João Pedro Junqueira de Jesus,João Pedro,Chelsea,https://resources.premierleague.com/premierleague/badges/70/t8.png,Forward,2026-27,360,3,3,0,9,0,7700000,https://resources.premierleague.com/premierleague/photos/players/110x140/p475168.png
168,Marc Guiu Paz,Marc Guiu,Chelsea,https://resources.premierleague.com/premierleague/badges/70/t8.png,Forward,2026-27,0,0,0,0,0,0,5000000,https://resources.premierleague.com/premierleague/photos/players/110x140/p499309.png
169,Shumaira Mheuka,Mheuka,Chelsea,https://resources.premierleague.com/premierleague/badges/70/t8.png,Forward,2026-27,0,0,0,0,0,0,4500000,
170,Emmanuel Emegha,Emegha,Chelsea,https://resources.premierleague.com/premierleague/badges/70/t8.png,Forward,2026-27,0,0,0,0,0,0,5000000,
200,Maxence Lacroix,Lacroix,Chelsea,https://resources.premierleague.com/premierleague/badges/70/t8.png,Defender,2026-27,364,0,1,0,10,0,5900000,https://resources.premierleague.com/premierleague/photos/players/110x140/p437499.png
560,Mike Penders,Penders,Chelsea,https://resources.premierleague.com/premierleague/badges/70/t8.png,Goalkeeper,2026-27,0,0,0,0,0,0,4400000,
561,Aaron Anselmino,Anselmino,Chelsea,https://resources.premierleague.com/premierleague/badges/70/t8.png,Defender,2026-27,0,0,0,0,0,0,4500000,
568,Valentín Barco,Barco,Chelsea,https://resources.premierleague.com/premierleague/badges/70/t8.png,Midfielder,2026-27,115,0,0,0,3,0,5400000,https://resources.premierleague.com/premierleague/photos/players/110x140/p543158.png
583,Pep Chavarría,Chavarria,Chelsea,https://resources.premierleague.com/premierleague/badges/70/t8.png,Defender,2026-27,208,0,0,0,4,0,4900000,
662,Mahdi Nicoll-Jazuli,Nicoll-Jazuli,Chelsea,https://resources.premierleague.com/premierleague/badges/70/t8.png,Midfielder,2026-27,3,0,0,0,1,0,4500000,
91,Ethan Pinnock,Pinnock,Coventry City,https://resources.premierleague.com/premierleague/badges/70/t9.png,Defender,2026-27,282,0,0,1,7,0,4500000,https://resources.premierleague.com/premierleague/photos/players/110x140/p231065.png
104,Frank Onyeka,Onyeka,Coventry City,https://resources.premierleague.com/premierleague/badges/70/t9.png,Midfielder,2026-27,314,0,0,1,7,0,4900000,https://resources.premierleague.com/premierleague/photos/players/110x140/p428580.png
110,Carl Rushworth,Rushworth,Coventry City,https://resources.premierleague.com/premierleague/badges/70/t9.png,Goalkeeper,2026-27,450,0,1,1,10,9,4500000,https://resources.premierleague.com/premierleague/photos/players/110x140/p472739.png
171,Oliver Dovin,Dovin,Coventry City,https://resources.premierleague.com/premierleague/badges/70/t9.png,Goalkeeper,2026-27,0,0,0,0,0,0,4000000,
172,Ben Wilson,Wilson,Coventry City,https://resources.premierleague.com/premierleague/badges/70/t9.png,Goalkeeper,2026-27,0,0,0,0,0,0,4400000,
173,Bobby Thomas,Thomas,Coventry City,https://resources.premierleague.com/premierleague/badges/70/t9.png,Defender,2026-27,437,0,0,2,9,0,4000000,https://resources.premierleague.com/premierleague/photos/players/110x140/p461102.png
174,Liam Kitching,Kitching,Coventry City,https://resources.premierleague.com/premierleague/badges/70/t9.png,Defender,2026-27,0,0,0,0,0,0,4000000,
175,Milan van Ewijk,van Ewijk,Coventry City,https://resources.premierleague.com/premierleague/badges/70/t9.png,Defender,2026-27,360,0,0,0,10,0,4000000,
176,Jay Dasilva,Dasilva,Coventry City,https://resources.premierleague.com/premierleague/badges/70/t9.png,Defender,2026-27,444,1,0,1,10,0,4000000,
177,Kaine Kesler-Hayden,Kesler-Hayden,Coventry City,https://resources.premierleague.com/premierleague/badges/70/t9.png,Defender,2026-27,0,0,0,0,0,0,3900000,
178,Jake Bidwell,Bidwell,Coventry City,https://resources.premierleague.com/premierleague/badges/70/t9.png,Defender,2026-27,0,0,0,0,0,0,4000000,
179,Joel Latibeaudiere,Latibeaudiere,Coventry City,https://resources.premierleague.com/premierleague/badges/70/t9.png,Defender,2026-27,1,0,0,0,0,0,4000000,https://resources.premierleague.com/premierleague/photos/players/110x140/p204813.png
180,Luke Woolfenden,Woolfenden,Coventry City,https://resources.premierleague.com/premierleague/badges/70/t9.png,Defender,2026-27,0,0,0,0,0,0,4000000,https://resources.premierleague.com/premierleague/photos/players/110x140/p220583.png
181,Miguel Brau,Brau,Coventry City,https://resources.premierleague.com/premierleague/badges/70/t9.png,Defender,2026-27,0,0,0,0,0,0,4000000,
182,Aurèle Amenda,Amenda,Coventry City,https://resources.premierleague.com/premierleague/badges/70/t9.png,Defender,2026-27,360,0,0,0,10,0,4000000,
183,Jack Rudoni,Rudoni,Coventry City,https://resources.premierleague.com/premierleague/badges/70/t9.png,Midfielder,2026-27,297,0,0,2,4,0,4900000,
184,Matt Grimes,Grimes,Coventry City,https://resources.premierleague.com/premierleague/badges/70/t9.png,Midfielder,2026-27,443,0,0,1,9,0,4900000,https://resources.premierleague.com/premierleague/photos/players/110x140/p168144.png
185,Tatsuhiro Sakamoto,Sakamoto,Coventry City,https://resources.premierleague.com/premierleague/badges/70/t9.png,Midfielder,2026-27,31,0,0,0,1,0,4800000,
186,Ephron Mason-Clark,Mason-Clark,Coventry City,https://resources.premierleague.com/premierleague/badges/70/t9.png,Midfielder,2026-27,231,0,0,0,3,0,5300000,
187,Josh Eccles,Eccles,Coventry City,https://resources.premierleague.com/premierleague/badges/70/t9.png,Midfielder,2026-27,0,0,0,0,0,0,4800000,
188,Victor Torp,Torp,Coventry City,https://resources.premierleague.com/premierleague/badges/70/t9.png,Midfielder,2026-27,53,0,0,0,2,0,5300000,
189,George Shepherd,Shepherd,Coventry City,https://resources.premierleague.com/premierleague/badges/70/t9.png,Midfielder,2026-27,0,0,0,0,0,0,4400000,
190,Loum Tchaouna,Tchaouna,Coventry City,https://resources.premierleague.com/premierleague/badges/70/t9.png,Midfielder,2026-27,211,0,0,0,3,0,5400000,
191,Raphael Borges Rodrigues,Borges Rodrigues,Coventry City,https://resources.premierleague.com/premierleague/badges/70/t9.png,Midfielder,2026-27,0,0,0,0,0,0,4500000,
192,Kai Andrews,Andrews,Coventry City,https://resources.premierleague.com/premierleague/badges/70/t9.png,Midfielder,2026-27,0,0,0,0,0,0,4500000,
193,Haji Wright,Wright,Coventry City,https://resources.premierleague.com/premierleague/badges/70/t9.png,Forward,2026-27,0,0,0,0,0,0,5400000,
194,Brandon Thomas-Asante,Thomas-Asante,Coventry City,https://resources.premierleague.com/premierleague/badges/70/t9.png,Forward,2026-27,227,0,0,1,6,0,5000000,
195,Ellis Simms,Simms,Coventry City,https://resources.premierleague.com/premierleague/badges/70/t9.png,Forward,2026-27,104,0,0,0,3,0,4900000,https://resources.premierleague.com/premierleague/photos/players/110x140/p218997.png
196,Jahnoah Markelo,Markelo,Coventry City,https://resources.premierleague.com/premierleague/badges/70/t9.png,Forward,2026-27,0,0,0,0,0,0,5000000,
197,Norman Bassette,Bassette,Coventry City,https://resources.premierleague.com/premierleague/badges/70/t9.png,Forward,2026-27,0,0,0,0,0,0,4500000,
492,Taiwo Awoniyi,Awoniyi,Coventry City,https://resources.premierleague.com/premierleague/badges/70/t9.png,Forward,2026-27,232,0,0,0,7,0,5400000,https://resources.premierleague.com/premierleague/photos/players/110x140/p210156.png
575,Caleb Yirenkyi,Yirenkyi,Coventry City,https://resources.premierleague.com/premierleague/badges/70/t9.png,Midfielder,2026-27,265,0,0,2,5,0,4800000,
584,Gustavo Hamer,Hamer,Coventry City,https://resources.premierleague.com/premierleague/badges/70/t9.png,Midfielder,2026-27,32,0,0,0,1,0,5400000,https://resources.premierleague.com/premierleague/photos/players/110x140/p196100.png
599,Sidiki Cherif,Cherif,Coventry City,https://resources.premierleague.com/premierleague/badges/70/t9.png,Forward,2026-27,30,0,0,0,3,0,5000000,
623,Dan Bentley,Bentley,Coventry City,https://resources.premierleague.com/premierleague/badges/70/t9.png,Goalkeeper,2026-27,0,0,0,0,0,0,4000000,https://resources.premierleague.com/premierleague/photos/players/110x140/p79602.png
655,Yann Gboho,Gboho,Coventry City,https://resources.premierleague.com/premierleague/badges/70/t9.png,Midfielder,2026-27,0,0,0,0,0,0,5500000,
656,Stephen Mfuni,Mfuni,Coventry City,https://resources.premierleague.com/premierleague/badges/70/t9.png,Defender,2026-27,90,0,0,1,0,0,4000000,
42,Evann Guessand,Guessand,Crystal Palace,https://resources.premierleague.com/premierleague/badges/70/t31.png,Midfielder,2026-27,54,0,0,0,1,0,5400000,
153,Axel Disasi,Disasi,Crystal Palace,https://resources.premierleague.com/premierleague/badges/70/t31.png,Defender,2026-27,139,0,0,0,6,0,4500000,https://resources.premierleague.com/premierleague/photos/players/110x140/p220362.png
198,Dean Henderson,Henderson,Crystal Palace,https://resources.premierleague.com/premierleague/badges/70/t31.png,Goalkeeper,2026-27,270,0,0,0,8,12,5000000,https://resources.premierleague.com/premierleague/photos/players/110x140/p172649.png
199,Walter Benítez,Benitez,Crystal Palace,https://resources.premierleague.com/premierleague/badges/70/t31.png,Goalkeeper,2026-27,180,0,0,1,3,5,4500000,
202,Chris Richards,Richards,Crystal Palace,https://resources.premierleague.com/premierleague/badges/70/t31.png,Defender,2026-27,450,0,0,1,11,0,5000000,https://resources.premierleague.com/premierleague/photos/players/110x140/p427623.png
203,Jaydee Canvot,Canvot,Crystal Palace,https://resources.premierleague.com/premierleague/badges/70/t31.png,Defender,2026-27,360,0,0,1,8,0,4800000,
204,Tyrick Mitchell,Mitchell,Crystal Palace,https://resources.premierleague.com/premierleague/badges/70/t31.png,Defender,2026-27,419,2,0,1,10,0,4500000,https://resources.premierleague.com/premierleague/photos/players/110x140/p244723.png
205,Borna Sosa,Sosa,Crystal Palace,https://resources.premierleague.com/premierleague/badges/70/t31.png,Defender,2026-27,0,0,0,0,0,0,4500000,
206,Chadi Riad Dnanou,Chadi Riad,Crystal Palace,https://resources.premierleague.com/premierleague/badges/70/t31.png,Defender,2026-27,72,0,0,0,2,0,4300000,https://resources.premierleague.com/premierleague/photos/players/110x140/p515621.png
207,Oscar Mingueza,Mingueza,Crystal Palace,https://resources.premierleague.com/premierleague/badges/70/t31.png,Defender,2026-27,16,0,0,0,1,0,4400000,
208,Ismaïla Sarr,Sarr,Crystal Palace,https://resources.premierleague.com/premierleague/badges/70/t31.png,Midfielder,2026-27,8,0,0,0,0,0,6200000,https://resources.premierleague.com/premierleague/photos/players/110x140/p232185.png
210,Adam Wharton,Wharton,Crystal Palace,https://resources.premierleague.com/premierleague/badges/70/t31.png,Midfielder,2026-27,436,0,0,1,10,0,5400000,https://resources.premierleague.com/premierleague/photos/players/110x140/p496221.png
211,Yéremy Pino Santos,Yeremy,Crystal Palace,https://resources.premierleague.com/premierleague/badges/70/t31.png,Midfielder,2026-27,307,0,2,1,6,0,5500000,
212,Will Hughes,Hughes,Crystal Palace,https://resources.premierleague.com/premierleague/badges/70/t31.png,Midfielder,2026-27,29,0,0,0,1,0,4400000,https://resources.premierleague.com/premierleague/photos/players/110x140/p108413.png
213,Jefferson Lerma Solís,Lerma,Crystal Palace,https://resources.premierleague.com/premierleague/badges/70/t31.png,Midfielder,2026-27,51,0,0,0,1,0,4800000,https://resources.premierleague.com/premierleague/photos/players/110x140/p152551.png
214,Daichi Kamada,Kamada,Crystal Palace,https://resources.premierleague.com/premierleague/badges/70/t31.png,Midfielder,2026-27,441,0,3,1,10,0,5000000,https://resources.premierleague.com/premierleague/photos/players/110x140/p209400.png
215,Justin Devenny,Devenny,Crystal Palace,https://resources.premierleague.com/premierleague/badges/70/t31.png,Midfielder,2026-27,0,0,0,0,0,0,5000000,https://resources.premierleague.com/premierleague/photos/players/110x140/p489706.png
216,Romain Esse,Esse,Crystal Palace,https://resources.premierleague.com/premierleague/badges/70/t31.png,Midfielder,2026-27,0,0,0,0,0,0,5000000,https://resources.premierleague.com/premierleague/photos/players/110x140/p606921.png
217,Matheus França de Oliveira,M.França,Crystal Palace,https://resources.premierleague.com/premierleague/badges/70/t31.png,Midfielder,2026-27,0,0,0,0,0,0,4900000,
218,Cheick Doucouré,Doucouré,Crystal Palace,https://resources.premierleague.com/premierleague/badges/70/t31.png,Midfielder,2026-27,0,0,0,0,0,0,4800000,https://resources.premierleague.com/premierleague/photos/players/110x140/p438464.png
219,Jesurun Rak-Sakyi,J.Rak-Sakyi,Crystal Palace,https://resources.premierleague.com/premierleague/badges/70/t31.png,Midfielder,2026-27,0,0,0,0,0,0,4900000,https://resources.premierleague.com/premierleague/photos/players/110x140/p450542.png
220,Rio Cardines,Cardines,Crystal Palace,https://resources.premierleague.com/premierleague/badges/70/t31.png,Defender,2026-27,0,0,0,0,0,0,4500000,
221,Joél Drakes-Thomas,Drakes-Thomas,Crystal Palace,https://resources.premierleague.com/premierleague/badges/70/t31.png,Midfielder,2026-27,0,0,0,0,0,0,4500000,
222,Jørgen Strand Larsen,Strand Larsen,Crystal Palace,https://resources.premierleague.com/premierleague/badges/70/t31.png,Forward,2026-27,298,1,0,1,5,0,6000000,https://resources.premierleague.com/premierleague/photos/players/110x140/p247412.png
223,Jean-Philippe Mateta,Mateta,Crystal Palace,https://resources.premierleague.com/premierleague/badges/70/t31.png,Forward,2026-27,62,0,0,0,2,0,6300000,https://resources.premierleague.com/premierleague/photos/players/110x140/p231747.png
224,Eddie Nketiah,Nketiah,Crystal Palace,https://resources.premierleague.com/premierleague/badges/70/t31.png,Forward,2026-27,175,0,1,0,7,0,5500000,https://resources.premierleague.com/premierleague/photos/players/110x140/p205533.png
225,Christantus Uche,Uche,Crystal Palace,https://resources.premierleague.com/premierleague/badges/70/t31.png,Forward,2026-27,0,0,0,0,0,0,5000000,
241,Dwight McNeil,McNeil,Crystal Palace,https://resources.premierleague.com/premierleague/badges/70/t31.png,Midfielder,2026-27,84,0,0,0,3,0,5400000,https://resources.premierleague.com/premierleague/photos/players/110x140/p433154.png
555,Remi Matthews,Matthews,Crystal Palace,https://resources.premierleague.com/premierleague/badges/70/t31.png,Goalkeeper,2026-27,0,0,0,0,0,0,4000000,https://resources.premierleague.com/premierleague/photos/players/110x140/p169593.png
577,Takehiro Tomiyasu,Tomiyasu,Crystal Palace,https://resources.premierleague.com/premierleague/badges/70/t31.png,Defender,2026-27,189,0,0,0,5,0,4400000,https://resources.premierleague.com/premierleague/photos/players/110x140/p223723.png
588,Anan Khalaili,Khalaili,Crystal Palace,https://resources.premierleague.com/premierleague/badges/70/t31.png,Defender,2026-27,379,1,0,1,8,0,5000000,
595,Zavier Gozo,Gozo,Crystal Palace,https://resources.premierleague.com/premierleague/badges/70/t31.png,Midfielder,2026-27,28,0,0,0,2,0,5000000,
633,Honest Ahanor,Ahanor,Crystal Palace,https://resources.premierleague.com/premierleague/badges/70/t31.png,Defender,2026-27,90,0,0,0,3,0,4500000,
643,Ben Chilwell,Chilwell,Crystal Palace,https://resources.premierleague.com/premierleague/badges/70/t31.png,Defender,2026-27,29,1,0,0,1,0,4500000,https://resources.premierleague.com/premierleague/photos/players/110x140/p172850.png
644,Quinten Timber,Timber,Crystal Palace,https://resources.premierleague.com/premierleague/badges/70/t31.png,Midfielder,2026-27,253,0,0,1,5,0,5000000,
647,Darío Osorio,Osorio,Crystal Palace,https://resources.premierleague.com/premierleague/badges/70/t31.png,Midfielder,2026-27,1,0,0,0,0,0,5500000,
21,Christian Nørgaard,Nørgaard,Everton,https://resources.premierleague.com/premierleague/badges/70/t11.png,Midfielder,2026-27,0,0,0,0,0,0,4900000,https://resources.premierleague.com/premierleague/photos/players/110x140/p128295.png
209,Brennan Johnson,Johnson,Everton,https://resources.premierleague.com/premierleague/badges/70/t11.png,Midfielder,2026-27,238,0,0,2,1,0,5900000,https://resources.premierleague.com/premierleague/photos/players/110x140/p242898.png
226,Jordan Pickford,Pickford,Everton,https://resources.premierleague.com/premierleague/badges/70/t11.png,Goalkeeper,2026-27,450,0,0,3,3,15,5500000,https://resources.premierleague.com/premierleague/photos/players/110x140/p111234.png
227,Mark Travers,Travers,Everton,https://resources.premierleague.com/premierleague/badges/70/t11.png,Goalkeeper,2026-27,0,0,0,0,0,0,5000000,https://resources.premierleague.com/premierleague/photos/players/110x140/p229600.png
228,Tom King,King,Everton,https://resources.premierleague.com/premierleague/badges/70/t11.png,Goalkeeper,2026-27,0,0,0,0,0,0,4500000,https://resources.premierleague.com/premierleague/photos/players/110x140/p138001.png
229,James Tarkowski,Tarkowski,Everton,https://resources.premierleague.com/premierleague/badges/70/t11.png,Defender,2026-27,450,1,1,3,3,0,6100000,https://resources.premierleague.com/premierleague/photos/players/110x140/p17761.png
230,Jarrad Branthwaite,Branthwaite,Everton,https://resources.premierleague.com/premierleague/badges/70/t11.png,Defender,2026-27,450,0,0,3,3,0,5500000,https://resources.premierleague.com/premierleague/photos/players/110x140/p480455.png
231,Michael Keane,Keane,Everton,https://resources.premierleague.com/premierleague/badges/70/t11.png,Defender,2026-27,0,0,0,0,0,0,4800000,https://resources.premierleague.com/premierleague/photos/players/110x140/p106611.png
232,Jake O'Brien,O'Brien,Everton,https://resources.premierleague.com/premierleague/badges/70/t11.png,Defender,2026-27,16,0,0,0,0,0,4800000,https://resources.premierleague.com/premierleague/photos/players/110x140/p512462.png
233,Vitalii Mykolenko,Mykolenko,Everton,https://resources.premierleague.com/premierleague/badges/70/t11.png,Defender,2026-27,450,0,0,3,3,0,4600000,https://resources.premierleague.com/premierleague/photos/players/110x140/p224967.png
234,Nathan Patterson,Patterson,Everton,https://resources.premierleague.com/premierleague/badges/70/t11.png,Defender,2026-27,0,0,0,0,0,0,4500000,https://resources.premierleague.com/premierleague/photos/players/110x140/p243571.png
235,Adam Aznou,Aznou,Everton,https://resources.premierleague.com/premierleague/badges/70/t11.png,Defender,2026-27,0,0,0,0,0,0,4000000,
236,Kiernan Dewsbury-Hall,Dewsbury-Hall,Everton,https://resources.premierleague.com/premierleague/badges/70/t11.png,Midfielder,2026-27,450,1,0,3,3,0,6600000,https://resources.premierleague.com/premierleague/photos/players/110x140/p215413.png
238,Jack Grealish,Grealish,Everton,https://resources.premierleague.com/premierleague/badges/70/t11.png,Midfielder,2026-27,135,0,0,1,1,0,6500000,https://resources.premierleague.com/premierleague/photos/players/110x140/p114283.png
239,James Garner,Garner,Everton,https://resources.premierleague.com/premierleague/badges/70/t11.png,Midfielder,2026-27,328,0,0,2,2,0,6000000,https://resources.premierleague.com/premierleague/photos/players/110x140/p232928.png
242,Tyrique George,George,Everton,https://resources.premierleague.com/premierleague/badges/70/t11.png,Midfielder,2026-27,309,1,0,2,3,0,5500000,https://resources.premierleague.com/premierleague/photos/players/110x140/p550615.png
243,Carlos Alcaraz Durán,Alcaraz,Everton,https://resources.premierleague.com/premierleague/badges/70/t11.png,Midfielder,2026-27,5,0,0,0,0,0,4900000,https://resources.premierleague.com/premierleague/photos/players/110x140/p502697.png
244,Harrison Armstrong,Armstrong,Everton,https://resources.premierleague.com/premierleague/badges/70/t11.png,Midfielder,2026-27,446,0,1,3,3,0,5000000,
245,Tyler Dibling,Dibling,Everton,https://resources.premierleague.com/premierleague/badges/70/t11.png,Midfielder,2026-27,24,0,0,0,0,0,5400000,https://resources.premierleague.com/premierleague/photos/players/110x140/p496661.png
246,Merlin Röhl,Röhl,Everton,https://resources.premierleague.com/premierleague/badges/70/t11.png,Midfielder,2026-27,249,0,0,1,2,0,4900000,
247,Hayden Hackney,Hackney,Everton,https://resources.premierleague.com/premierleague/badges/70/t11.png,Midfielder,2026-27,137,0,1,1,1,0,5400000,
248,Norberto Bercique Gomes Betuncal,Beto,Everton,https://resources.premierleague.com/premierleague/badges/70/t11.png,Forward,2026-27,31,0,0,0,0,0,5400000,https://resources.premierleague.com/premierleague/photos/players/110x140/p486385.png
249,Thierno Barry,Barry,Everton,https://resources.premierleague.com/premierleague/badges/70/t11.png,Forward,2026-27,417,2,0,3,3,0,5600000,
649,Ainsley Maitland-Niles,Maitland-Niles,Everton,https://resources.premierleague.com/premierleague/badges/70/t11.png,Defender,2026-27,177,1,0,2,1,0,4500000,https://resources.premierleague.com/premierleague/photos/players/110x140/p154043.png
654,Braiden Graham,Graham,Everton,https://resources.premierleague.com/premierleague/badges/70/t11.png,Midfielder,2026-27,0,0,0,0,0,0,4500000,
250,Bernd Leno,Leno,Fulham,https://resources.premierleague.com/premierleague/badges/70/t54.png,Goalkeeper,2026-27,450,0,0,1,8,16,4500000,https://resources.premierleague.com/premierleague/photos/players/110x140/p80201.png
251,Benjamin Lecomte,Lecomte,Fulham,https://resources.premierleague.com/premierleague/badges/70/t54.png,Goalkeeper,2026-27,0,0,0,0,0,0,4000000,
252,Alfie McNally,McNally,Fulham,https://resources.premierleague.com/premierleague/badges/70/t54.png,Goalkeeper,2026-27,0,0,0,0,0,0,4000000,
253,Joachim Andersen,Andersen,Fulham,https://resources.premierleague.com/premierleague/badges/70/t54.png,Defender,2026-27,190,0,0,0,5,0,5000000,https://resources.premierleague.com/premierleague/photos/players/110x140/p174874.png
254,Antonee Robinson,Robinson,Fulham,https://resources.premierleague.com/premierleague/badges/70/t54.png,Defender,2026-27,429,0,0,1,8,0,4500000,https://resources.premierleague.com/premierleague/photos/players/110x140/p169528.png
255,Jorge Cuenca Barreno,J.Cuenca,Fulham,https://resources.premierleague.com/premierleague/badges/70/t54.png,Defender,2026-27,90,0,0,0,3,0,4500000,https://resources.premierleague.com/premierleague/photos/players/110x140/p246301.png
256,Kenny Tete,Tete,Fulham,https://resources.premierleague.com/premierleague/badges/70/t54.png,Defender,2026-27,27,0,0,0,0,0,4400000,https://resources.premierleague.com/premierleague/photos/players/110x140/p167074.png
257,Calvin Bassey,Bassey,Fulham,https://resources.premierleague.com/premierleague/badges/70/t54.png,Defender,2026-27,450,0,1,1,8,0,4500000,https://resources.premierleague.com/premierleague/photos/players/110x140/p232892.png
258,Timothy Castagne,Castagne,Fulham,https://resources.premierleague.com/premierleague/badges/70/t54.png,Defender,2026-27,408,0,2,2,7,0,4500000,https://resources.premierleague.com/premierleague/photos/players/110x140/p166477.png
261,Alex Iwobi,Iwobi,Fulham,https://resources.premierleague.com/premierleague/badges/70/t54.png,Midfielder,2026-27,408,0,0,2,7,0,5400000,https://resources.premierleague.com/premierleague/photos/players/110x140/p153133.png
262,Emile Smith Rowe,Smith Rowe,Fulham,https://resources.premierleague.com/premierleague/badges/70/t54.png,Midfielder,2026-27,38,0,0,0,0,0,5400000,https://resources.premierleague.com/premierleague/photos/players/110x140/p209289.png
263,Kevin Santos Lopes de Macedo,Kevin,Fulham,https://resources.premierleague.com/premierleague/badges/70/t54.png,Midfielder,2026-27,61,0,0,0,1,0,5300000,
264,Oscar Bobb,Bobb,Fulham,https://resources.premierleague.com/premierleague/badges/70/t54.png,Midfielder,2026-27,343,0,0,3,6,0,5500000,https://resources.premierleague.com/premierleague/photos/players/110x140/p477555.png
265,Sander Berge,Berge,Fulham,https://resources.premierleague.com/premierleague/badges/70/t54.png,Midfielder,2026-27,349,0,0,2,5,0,4900000,https://resources.premierleague.com/premierleague/photos/players/110x140/p207189.png
266,Tom Cairney,Cairney,Fulham,https://resources.premierleague.com/premierleague/badges/70/t54.png,Midfielder,2026-27,0,0,0,0,0,0,4900000,https://resources.premierleague.com/premierleague/photos/players/110x140/p76357.png
268,Josh King,King,Fulham,https://resources.premierleague.com/premierleague/badges/70/t54.png,Midfielder,2026-27,425,2,0,2,7,0,5500000,https://resources.premierleague.com/premierleague/photos/players/110x140/p577725.png
269,Ryan Sessegnon,Sessegnon,Fulham,https://resources.premierleague.com/premierleague/badges/70/t54.png,Defender,2026-27,50,0,0,0,1,0,4300000,https://resources.premierleague.com/premierleague/photos/players/110x140/p184349.png
270,Harrison Reed,Reed,Fulham,https://resources.premierleague.com/premierleague/badges/70/t54.png,Midfielder,2026-27,0,0,0,0,0,0,4400000,https://resources.premierleague.com/premierleague/photos/players/110x140/p153366.png
271,Rodrigo Muniz Carvalho,Muniz,Fulham,https://resources.premierleague.com/premierleague/badges/70/t54.png,Forward,2026-27,38,0,0,0,1,0,5400000,https://resources.premierleague.com/premierleague/photos/players/110x140/p244042.png
272,Jonah Kusi-Asare,Kusi-Asare,Fulham,https://resources.premierleague.com/premierleague/badges/70/t54.png,Forward,2026-27,0,0,0,0,0,0,4500000,
569,Gonzalo García,Gonzalo,Fulham,https://resources.premierleague.com/premierleague/badges/70/t54.png,Forward,2026-27,425,1,0,2,7,0,6000000,
570,César Palacios,Palacios,Fulham,https://resources.premierleague.com/premierleague/badges/70/t54.png,Midfielder,2026-27,226,1,0,0,7,0,5400000,
580,Shea Charles,Charles,Fulham,https://resources.premierleague.com/premierleague/badges/70/t54.png,Midfielder,2026-27,303,0,0,1,5,0,5000000,https://resources.premierleague.com/premierleague/photos/players/110x140/p463210.png
610,Luc De Fougerolles,De Fougerolles,Fulham,https://resources.premierleague.com/premierleague/badges/70/t54.png,Defender,2026-27,0,0,0,0,0,0,4000000,
626,Macaulay Zepa,Zepa,Fulham,https://resources.premierleague.com/premierleague/badges/70/t54.png,Midfielder,2026-27,0,0,0,0,0,0,4500000,
635,Hugo Larsson,Larsson,Fulham,https://resources.premierleague.com/premierleague/badges/70/t54.png,Midfielder,2026-27,37,0,0,0,1,0,5000000,
636,Manuel Ángel Morán Ibáñez,Ángel,Fulham,https://resources.premierleague.com/premierleague/badges/70/t54.png,Midfielder,2026-27,0,0,0,0,0,0,5000000,
650,David Affengruber,Affengruber,Fulham,https://resources.premierleague.com/premierleague/badges/70/t54.png,Defender,2026-27,180,0,0,1,1,0,4500000,
240,Tim Iroegbunam,Iroegbunam,Hull City,https://resources.premierleague.com/premierleague/badges/70/t88.png,Midfielder,2026-27,70,0,0,0,0,0,5000000,https://resources.premierleague.com/premierleague/photos/players/110x140/p490094.png
273,Dillon Phillips,Phillips,Hull City,https://resources.premierleague.com/premierleague/badges/70/t88.png,Goalkeeper,2026-27,0,0,0,0,0,0,4000000,
274,Jack Butland,Butland,Hull City,https://resources.premierleague.com/premierleague/badges/70/t88.png,Goalkeeper,2026-27,0,0,0,0,0,0,4500000,https://resources.premierleague.com/premierleague/photos/players/110x140/p105666.png
275,Harvey Cartwright,Cartwright,Hull City,https://resources.premierleague.com/premierleague/badges/70/t88.png,Goalkeeper,2026-27,0,0,0,0,0,0,4000000,
276,Thimothée Lo-Tutala,Lo-Tutala,Hull City,https://resources.premierleague.com/premierleague/badges/70/t88.png,Goalkeeper,2026-27,0,0,0,0,0,0,4000000,https://resources.premierleague.com/premierleague/photos/players/110x140/p444307.png
277,John Egan,Egan,Hull City,https://resources.premierleague.com/premierleague/badges/70/t88.png,Defender,2026-27,437,0,0,3,4,0,4100000,https://resources.premierleague.com/premierleague/photos/players/110x140/p108416.png
278,Charlie Hughes,Hughes,Hull City,https://resources.premierleague.com/premierleague/badges/70/t88.png,Defender,2026-27,0,0,0,0,0,0,3900000,
279,Semi Ajayi,Ajayi,Hull City,https://resources.premierleague.com/premierleague/badges/70/t88.png,Defender,2026-27,423,1,0,3,4,0,4200000,https://resources.premierleague.com/premierleague/photos/players/110x140/p146426.png
280,Lewie Coyle,Coyle,Hull City,https://resources.premierleague.com/premierleague/badges/70/t88.png,Defender,2026-27,348,0,0,2,4,0,4000000,
281,Cody Drameh,Drameh,Hull City,https://resources.premierleague.com/premierleague/badges/70/t88.png,Defender,2026-27,65,0,0,0,0,0,4000000,https://resources.premierleague.com/premierleague/photos/players/110x140/p433590.png
282,Ryan Giles,Giles,Hull City,https://resources.premierleague.com/premierleague/badges/70/t88.png,Defender,2026-27,444,0,1,3,4,0,4000000,https://resources.premierleague.com/premierleague/photos/players/110x140/p232351.png
283,Matty Jacob,Jacob,Hull City,https://resources.premierleague.com/premierleague/badges/70/t88.png,Defender,2026-27,0,0,0,0,0,0,4000000,
284,Cathal McCarthy,McCarthy,Hull City,https://resources.premierleague.com/premierleague/badges/70/t88.png,Defender,2026-27,0,0,0,0,0,0,4000000,
285,Paddy McNair,McNair,Hull City,https://resources.premierleague.com/premierleague/badges/70/t88.png,Defender,2026-27,26,0,0,0,0,0,4000000,https://resources.premierleague.com/premierleague/photos/players/110x140/p160817.png
286,Mohamed Belloumi,Belloumi,Hull City,https://resources.premierleague.com/premierleague/badges/70/t88.png,Midfielder,2026-27,394,2,2,3,3,0,5100000,
287,Liam Millar,Millar,Hull City,https://resources.premierleague.com/premierleague/badges/70/t88.png,Midfielder,2026-27,50,1,0,0,0,0,5000000,
288,Kieran Dowell,Dowell,Hull City,https://resources.premierleague.com/premierleague/badges/70/t88.png,Midfielder,2026-27,0,0,0,0,0,0,4500000,https://resources.premierleague.com/premierleague/photos/players/110x140/p171270.png
289,Matt Crooks,Crooks,Hull City,https://resources.premierleague.com/premierleague/badges/70/t88.png,Midfielder,2026-27,203,0,0,1,4,0,4400000,
290,Regan Slater,Slater,Hull City,https://resources.premierleague.com/premierleague/badges/70/t88.png,Midfielder,2026-27,437,0,1,3,4,0,4500000,https://resources.premierleague.com/premierleague/photos/players/110x140/p243413.png
291,Eliot Matazo,Matazo,Hull City,https://resources.premierleague.com/premierleague/badges/70/t88.png,Midfielder,2026-27,0,0,0,0,0,0,4500000,
292,Abdülkadir Ömür,Ömür,Hull City,https://resources.premierleague.com/premierleague/badges/70/t88.png,Midfielder,2026-27,0,0,0,0,0,0,4900000,
293,Abu Kamara,Kamara,Hull City,https://resources.premierleague.com/premierleague/badges/70/t88.png,Midfielder,2026-27,0,0,0,0,0,0,5000000,https://resources.premierleague.com/premierleague/photos/players/110x140/p490161.png
294,Óscar Zambrano,Zambrano,Hull City,https://resources.premierleague.com/premierleague/badges/70/t88.png,Midfielder,2026-27,0,0,0,0,0,0,4500000,
295,Oli McBurnie,McBurnie,Hull City,https://resources.premierleague.com/premierleague/badges/70/t88.png,Forward,2026-27,441,0,2,3,4,0,5500000,https://resources.premierleague.com/premierleague/photos/players/110x140/p169432.png
296,David Akintola,Akintola,Hull City,https://resources.premierleague.com/premierleague/badges/70/t88.png,Midfielder,2026-27,0,0,0,0,0,0,5000000,
297,Darko Gyabi,Gyabi,Hull City,https://resources.premierleague.com/premierleague/badges/70/t88.png,Midfielder,2026-27,0,0,0,0,0,0,4400000,https://resources.premierleague.com/premierleague/photos/players/110x140/p470294.png
298,Enis Destan,Destan,Hull City,https://resources.premierleague.com/premierleague/badges/70/t88.png,Forward,2026-27,0,0,0,0,0,0,4500000,
299,Mason Burstow,Burstow,Hull City,https://resources.premierleague.com/premierleague/badges/70/t88.png,Forward,2026-27,0,0,0,0,0,0,4500000,https://resources.premierleague.com/premierleague/photos/players/110x140/p534392.png
340,Joe Gelhardt,Gelhardt,Hull City,https://resources.premierleague.com/premierleague/badges/70/t88.png,Midfielder,2026-27,7,0,0,0,0,0,5000000,https://resources.premierleague.com/premierleague/photos/players/110x140/p462635.png
556,Matt Targett,Targett,Hull City,https://resources.premierleague.com/premierleague/badges/70/t88.png,Defender,2026-27,5,0,0,0,0,0,4000000,https://resources.premierleague.com/premierleague/photos/players/110x140/p169359.png
563,Hidemasa Morita,Morita,Hull City,https://resources.premierleague.com/premierleague/badges/70/t88.png,Midfielder,2026-27,45,0,0,0,0,0,5000000,
572,Konstantinos Tzolakis,Tzolakis,Hull City,https://resources.premierleague.com/premierleague/badges/70/t88.png,Goalkeeper,2026-27,450,0,0,3,4,17,4600000,
574,Jens Hjertø-Dahl,Hjertø-Dahl,Hull City,https://resources.premierleague.com/premierleague/badges/70/t88.png,Midfielder,2026-27,8,0,0,0,0,0,4900000,
576,Elliot Stroud,Stroud,Hull City,https://resources.premierleague.com/premierleague/badges/70/t88.png,Midfielder,2026-27,249,0,0,2,1,0,5000000,
585,Lucas Herrington,Herrington,Hull City,https://resources.premierleague.com/premierleague/badges/70/t88.png,Defender,2026-27,197,0,0,0,3,0,4000000,
586,Nobel Mendy,Mendy,Hull City,https://resources.premierleague.com/premierleague/badges/70/t88.png,Defender,2026-27,249,1,0,2,1,0,4100000,
589,Lucas Gourna-Douath,Gourna-Douath,Hull City,https://resources.premierleague.com/premierleague/badges/70/t88.png,Midfielder,2026-27,138,0,0,1,0,0,5000000,
617,Mohamed-Ali Cho,Cho,Hull City,https://resources.premierleague.com/premierleague/badges/70/t88.png,Midfielder,2026-27,72,1,0,0,1,0,5000000,
632,Ilyas Ansah,Ansah,Hull City,https://resources.premierleague.com/premierleague/badges/70/t88.png,Forward,2026-27,0,0,0,0,0,0,5000000,
637,Robinio Vaz,Vaz,Hull City,https://resources.premierleague.com/premierleague/badges/70/t88.png,Forward,2026-27,20,0,0,0,0,0,5000000,
638,Brooke Norton-Cuffy,Norton-Cuffy,Hull City,https://resources.premierleague.com/premierleague/badges/70/t88.png,Defender,2026-27,34,0,0,0,0,0,4000000,
642,Sorba Thomas,Thomas,Hull City,https://resources.premierleague.com/premierleague/badges/70/t88.png,Midfielder,2026-27,119,0,0,0,3,0,5500000,
645,Christos Mouzakitis,Mouzakitis,Hull City,https://resources.premierleague.com/premierleague/badges/70/t88.png,Midfielder,2026-27,0,0,0,0,0,0,5000000,
259,Issa Diop,Diop,Ipswich Town,https://resources.premierleague.com/premierleague/badges/70/t40.png,Defender,2026-27,450,0,0,0,11,0,4000000,https://resources.premierleague.com/premierleague/photos/players/110x140/p219924.png
267,Saša Lukić,Lukić,Ipswich Town,https://resources.premierleague.com/premierleague/badges/70/t40.png,Midfielder,2026-27,400,0,1,0,10,0,4900000,https://resources.premierleague.com/premierleague/photos/players/110x140/p212314.png
300,Christian Walton,Walton,Ipswich Town,https://resources.premierleague.com/premierleague/badges/70/t40.png,Goalkeeper,2026-27,90,0,0,0,1,1,4400000,https://resources.premierleague.com/premierleague/photos/players/110x140/p108813.png
301,Alex Palmer,Palmer,Ipswich Town,https://resources.premierleague.com/premierleague/badges/70/t40.png,Goalkeeper,2026-27,0,0,0,0,0,0,4000000,https://resources.premierleague.com/premierleague/photos/players/110x140/p112520.png
302,David Button,Button,Ipswich Town,https://resources.premierleague.com/premierleague/badges/70/t40.png,Goalkeeper,2026-27,0,0,0,0,0,0,4000000,https://resources.premierleague.com/premierleague/photos/players/110x140/p50093.png
303,Cédric Kipré,Kipré,Ipswich Town,https://resources.premierleague.com/premierleague/badges/70/t40.png,Defender,2026-27,0,0,0,0,0,0,3900000,https://resources.premierleague.com/premierleague/photos/players/110x140/p183015.png
304,Dara O'Shea,O'Shea,Ipswich Town,https://resources.premierleague.com/premierleague/badges/70/t40.png,Defender,2026-27,450,0,0,0,11,0,4000000,https://resources.premierleague.com/premierleague/photos/players/110x140/p216616.png
305,Leif Davis,Davis,Ipswich Town,https://resources.premierleague.com/premierleague/badges/70/t40.png,Defender,2026-27,450,2,2,0,11,0,4000000,https://resources.premierleague.com/premierleague/photos/players/110x140/p455084.png
306,Jacob Greaves,Greaves,Ipswich Town,https://resources.premierleague.com/premierleague/badges/70/t40.png,Defender,2026-27,357,0,0,0,10,0,4000000,https://resources.premierleague.com/premierleague/photos/players/110x140/p449429.png
307,Ben Johnson,Johnson,Ipswich Town,https://resources.premierleague.com/premierleague/badges/70/t40.png,Defender,2026-27,0,0,0,0,0,0,4000000,https://resources.premierleague.com/premierleague/photos/players/110x140/p222018.png
308,Darnell Furlong,Furlong,Ipswich Town,https://resources.premierleague.com/premierleague/badges/70/t40.png,Defender,2026-27,17,0,0,0,1,0,3900000,https://resources.premierleague.com/premierleague/photos/players/110x140/p176420.png
309,Marcelino Núñez,Núñez,Ipswich Town,https://resources.premierleague.com/premierleague/badges/70/t40.png,Midfielder,2026-27,140,0,0,0,4,0,4900000,
310,Azor Matusiwa,Matusiwa,Ipswich Town,https://resources.premierleague.com/premierleague/badges/70/t40.png,Midfielder,2026-27,0,0,0,0,0,0,4900000,
311,Wes Burns,Burns,Ipswich Town,https://resources.premierleague.com/premierleague/badges/70/t40.png,Midfielder,2026-27,0,0,0,0,0,0,5000000,https://resources.premierleague.com/premierleague/photos/players/110x140/p149929.png
312,Jack Taylor,Taylor,Ipswich Town,https://resources.premierleague.com/premierleague/badges/70/t40.png,Midfielder,2026-27,0,0,0,0,0,0,4400000,https://resources.premierleague.com/premierleague/photos/players/110x140/p231899.png
313,Jack Clarke,Clarke,Ipswich Town,https://resources.premierleague.com/premierleague/badges/70/t40.png,Midfielder,2026-27,170,1,0,0,2,0,5400000,https://resources.premierleague.com/premierleague/photos/players/110x140/p443261.png
314,Chiedozie Ogbene,Ogbene,Ipswich Town,https://resources.premierleague.com/premierleague/badges/70/t40.png,Midfielder,2026-27,0,0,0,0,0,0,4900000,https://resources.premierleague.com/premierleague/photos/players/110x140/p229164.png
315,Abdul Fatawu,Fatawu,Ipswich Town,https://resources.premierleague.com/premierleague/badges/70/t40.png,Midfielder,2026-27,352,0,1,0,10,0,5400000,https://resources.premierleague.com/premierleague/photos/players/110x140/p531442.png
316,Emersonn Correia da Silva,Emersonn,Ipswich Town,https://resources.premierleague.com/premierleague/badges/70/t40.png,Forward,2026-27,317,2,1,0,6,0,5500000,
317,George Hirst,Hirst,Ipswich Town,https://resources.premierleague.com/premierleague/badges/70/t40.png,Forward,2026-27,0,0,0,0,0,0,5000000,https://resources.premierleague.com/premierleague/photos/players/110x140/p222625.png
318,Jaden Philogene,Philogene,Ipswich Town,https://resources.premierleague.com/premierleague/badges/70/t40.png,Midfielder,2026-27,52,0,0,0,1,0,5400000,
319,Sam Szmodics,Szmodics,Ipswich Town,https://resources.premierleague.com/premierleague/badges/70/t40.png,Midfielder,2026-27,0,0,0,0,0,0,5000000,https://resources.premierleague.com/premierleague/photos/players/110x140/p172453.png
320,Chuba Akpom,Akpom,Ipswich Town,https://resources.premierleague.com/premierleague/badges/70/t40.png,Forward,2026-27,78,1,0,0,4,0,5000000,https://resources.premierleague.com/premierleague/photos/players/110x140/p147675.png
321,Sindre Walle Egeli,Walle Egeli,Ipswich Town,https://resources.premierleague.com/premierleague/badges/70/t40.png,Forward,2026-27,10,0,0,0,0,0,4500000,
322,Ali Al-Hamadi,Al-Hamadi,Ipswich Town,https://resources.premierleague.com/premierleague/badges/70/t40.png,Forward,2026-27,0,0,0,0,0,0,5000000,https://resources.premierleague.com/premierleague/photos/players/110x140/p462387.png
323,Kasey McAteer,McAteer,Ipswich Town,https://resources.premierleague.com/premierleague/badges/70/t40.png,Midfielder,2026-27,42,0,0,0,0,0,4400000,https://resources.premierleague.com/premierleague/photos/players/110x140/p461587.png
324,Anis Mehmeti,Mehmeti,Ipswich Town,https://resources.premierleague.com/premierleague/badges/70/t40.png,Midfielder,2026-27,0,0,0,0,0,0,4800000,
554,Kayne van Oevelen,Van Oevelen,Ipswich Town,https://resources.premierleague.com/premierleague/badges/70/t40.png,Goalkeeper,2026-27,0,0,0,0,0,0,4500000,
562,Daizen Maeda,Maeda,Ipswich Town,https://resources.premierleague.com/premierleague/badges/70/t40.png,Midfielder,2026-27,259,0,0,0,8,0,5300000,
564,Kjell Scherpen,Scherpen,Ipswich Town,https://resources.premierleague.com/premierleague/badges/70/t40.png,Goalkeeper,2026-27,360,0,0,0,10,15,4500000,https://resources.premierleague.com/premierleague/photos/players/110x140/p240514.png
571,Florentino Ibrain Morris Luís,Florentino,Ipswich Town,https://resources.premierleague.com/premierleague/badges/70/t40.png,Midfielder,2026-27,30,0,0,0,0,0,4800000,
591,Julio Enciso,Enciso,Ipswich Town,https://resources.premierleague.com/premierleague/badges/70/t40.png,Midfielder,2026-27,413,0,2,0,11,0,5500000,https://resources.premierleague.com/premierleague/photos/players/110x140/p474120.png
592,Abdoul Ouattara,Ouattara,Ipswich Town,https://resources.premierleague.com/premierleague/badges/70/t40.png,Defender,2026-27,131,0,0,0,2,0,4000000,
602,Cameron Humphreys,Humphreys,Ipswich Town,https://resources.premierleague.com/premierleague/badges/70/t40.png,Midfielder,2026-27,0,0,0,0,0,0,4500000,https://resources.premierleague.com/premierleague/photos/players/110x140/p524180.png
619,Exequiel Palacios,Palacios,Ipswich Town,https://resources.premierleague.com/premierleague/badges/70/t40.png,Midfielder,2026-27,275,0,0,0,7,0,5000000,
640,Zian Flemming,Flemming,Ipswich Town,https://resources.premierleague.com/premierleague/badges/70/t40.png,Forward,2026-27,60,1,0,0,1,0,5500000,
260,Harry Wilson,Wilson,Leeds,https://resources.premierleague.com/premierleague/badges/70/t2.png,Midfielder,2026-27,145,0,0,1,1,0,6200000,https://resources.premierleague.com/premierleague/photos/players/110x140/p153682.png
326,Lucas Estella Perri,Perri,Leeds,https://resources.premierleague.com/premierleague/badges/70/t2.png,Goalkeeper,2026-27,0,0,0,0,0,0,4500000,https://resources.premierleague.com/premierleague/photos/players/110x140/p201595.png
327,Jaka Bijol,Bijol,Leeds,https://resources.premierleague.com/premierleague/badges/70/t2.png,Defender,2026-27,164,0,0,1,2,0,5000000,
329,Joe Rodon,Rodon,Leeds,https://resources.premierleague.com/premierleague/badges/70/t2.png,Defender,2026-27,123,0,0,1,0,0,4300000,https://resources.premierleague.com/premierleague/photos/players/110x140/p214225.png
330,Jayden Bogle,Bogle,Leeds,https://resources.premierleague.com/premierleague/badges/70/t2.png,Defender,2026-27,365,2,0,4,1,0,4600000,https://resources.premierleague.com/premierleague/photos/players/110x140/p226182.png
331,Gabriel Gudmundsson,Gudmundsson,Leeds,https://resources.premierleague.com/premierleague/badges/70/t2.png,Defender,2026-27,252,0,0,2,1,0,4500000,
332,James Justin,Justin,Leeds,https://resources.premierleague.com/premierleague/badges/70/t2.png,Defender,2026-27,450,0,0,2,3,0,4500000,https://resources.premierleague.com/premierleague/photos/players/110x140/p220627.png
333,Sebastiaan Bornauw,Bornauw,Leeds,https://resources.premierleague.com/premierleague/badges/70/t2.png,Defender,2026-27,0,0,0,0,0,0,4500000,
334,Tarik Muharemović,Muharemović,Leeds,https://resources.premierleague.com/premierleague/badges/70/t2.png,Defender,2026-27,450,0,1,2,3,0,5000000,
335,Anton Stach,Stach,Leeds,https://resources.premierleague.com/premierleague/badges/70/t2.png,Midfielder,2026-27,447,1,0,3,2,0,6000000,
336,Noah Okafor,Okafor,Leeds,https://resources.premierleague.com/premierleague/badges/70/t2.png,Midfielder,2026-27,299,1,0,3,1,0,5800000,
337,Brenden Aaronson,Aaronson,Leeds,https://resources.premierleague.com/premierleague/badges/70/t2.png,Midfielder,2026-27,194,0,0,1,3,0,5300000,https://resources.premierleague.com/premierleague/photos/players/110x140/p427637.png
338,Ethan Ampadu,Ampadu,Leeds,https://resources.premierleague.com/premierleague/badges/70/t2.png,Midfielder,2026-27,450,0,1,2,3,0,5400000,https://resources.premierleague.com/premierleague/photos/players/110x140/p199598.png
339,Sean Longstaff,Longstaff,Leeds,https://resources.premierleague.com/premierleague/badges/70/t2.png,Midfielder,2026-27,10,0,0,0,1,0,4900000,https://resources.premierleague.com/premierleague/photos/players/110x140/p180135.png
341,Wilfried Gnonto,Gnonto,Leeds,https://resources.premierleague.com/premierleague/badges/70/t2.png,Midfielder,2026-27,0,0,0,0,0,0,5000000,https://resources.premierleague.com/premierleague/photos/players/110x140/p492859.png
342,Jack Harrison,Harrison,Leeds,https://resources.premierleague.com/premierleague/badges/70/t2.png,Midfielder,2026-27,0,0,0,0,0,0,5000000,https://resources.premierleague.com/premierleague/photos/players/110x140/p221399.png
343,Daniel James,James,Leeds,https://resources.premierleague.com/premierleague/badges/70/t2.png,Midfielder,2026-27,52,0,0,0,1,0,4900000,https://resources.premierleague.com/premierleague/photos/players/110x140/p200617.png
344,Ilia Gruev,Gruev,Leeds,https://resources.premierleague.com/premierleague/badges/70/t2.png,Midfielder,2026-27,0,0,0,0,0,0,5000000,
345,Tanaka Ao,Tanaka,Leeds,https://resources.premierleague.com/premierleague/badges/70/t2.png,Midfielder,2026-27,255,0,2,2,1,0,4900000,
346,Dominic Calvert-Lewin,Calvert-Lewin,Leeds,https://resources.premierleague.com/premierleague/badges/70/t2.png,Forward,2026-27,419,2,1,3,2,0,6000000,https://resources.premierleague.com/premierleague/photos/players/110x140/p177815.png
347,Lukas Nmecha,Nmecha,Leeds,https://resources.premierleague.com/premierleague/badges/70/t2.png,Forward,2026-27,64,0,1,0,1,0,5400000,https://resources.premierleague.com/premierleague/photos/players/110x140/p174594.png
348,Joël Piroe,Piroe,Leeds,https://resources.premierleague.com/premierleague/badges/70/t2.png,Forward,2026-27,0,0,0,0,0,0,5000000,
349,Mateo Joseph Fernández-Regatillo,Mateo Joseph,Leeds,https://resources.premierleague.com/premierleague/badges/70/t2.png,Forward,2026-27,0,0,0,0,0,0,4500000,https://resources.premierleague.com/premierleague/photos/players/110x140/p565297.png
385,James Trafford,Trafford,Leeds,https://resources.premierleague.com/premierleague/badges/70/t2.png,Goalkeeper,2026-27,450,0,0,2,3,20,5000000,https://resources.premierleague.com/premierleague/photos/players/110x140/p432720.png
598,Nico Elvedi,Elvedi,Leeds,https://resources.premierleague.com/premierleague/badges/70/t2.png,Defender,2026-27,326,0,0,1,3,0,4500000,
603,Jayden Lienou,Lienou,Leeds,https://resources.premierleague.com/premierleague/badges/70/t2.png,Defender,2026-27,0,0,0,0,0,0,4000000,
604,Alfie Cresswell,Cresswell,Leeds,https://resources.premierleague.com/premierleague/badges/70/t2.png,Midfielder,2026-27,0,0,0,0,0,0,4500000,
625,Alex Cairns,Cairns,Leeds,https://resources.premierleague.com/premierleague/badges/70/t2.png,Goalkeeper,2026-27,0,0,0,0,0,0,4000000,
629,Michael Zetterer,Zetterer,Leeds,https://resources.premierleague.com/premierleague/badges/70/t2.png,Goalkeeper,2026-27,0,0,0,0,0,0,4000000,
641,Melvin Bard,Bard,Leeds,https://resources.premierleague.com/premierleague/badges/70/t2.png,Defender,2026-27,18,0,0,0,1,0,4500000,
648,Jean-Mattéo Bahoya,Bahoya,Leeds,https://resources.premierleague.com/premierleague/badges/70/t2.png,Midfielder,2026-27,1,0,0,0,0,0,5000000,
350,Alisson Becker,A.Becker,Liverpool,https://resources.premierleague.com/premierleague/badges/70/t14.png,Goalkeeper,2026-27,450,0,0,3,4,14,5500000,
351,Giorgi Mamardashvili,Mamardashvili,Liverpool,https://resources.premierleague.com/premierleague/badges/70/t14.png,Goalkeeper,2026-27,0,0,0,0,0,0,4900000,
352,Freddie Woodman,Woodman,Liverpool,https://resources.premierleague.com/premierleague/badges/70/t14.png,Goalkeeper,2026-27,0,0,0,0,0,0,4000000,https://resources.premierleague.com/premierleague/photos/players/110x140/p155503.png
353,Armin Pecsi,Pecsi,Liverpool,https://resources.premierleague.com/premierleague/badges/70/t14.png,Goalkeeper,2026-27,0,0,0,0,0,0,4000000,
354,Vitezslav Jaros,Jaros,Liverpool,https://resources.premierleague.com/premierleague/badges/70/t14.png,Goalkeeper,2026-27,0,0,0,0,0,0,4000000,https://resources.premierleague.com/premierleague/photos/players/110x140/p432987.png
355,Harvey Davies,Davies,Liverpool,https://resources.premierleague.com/premierleague/badges/70/t14.png,Goalkeeper,2026-27,0,0,0,0,0,0,4000000,
356,Virgil van Dijk,Virgil,Liverpool,https://resources.premierleague.com/premierleague/badges/70/t14.png,Defender,2026-27,450,0,0,3,4,0,6500000,https://resources.premierleague.com/premierleague/photos/players/110x140/p97032.png
357,Jeremie Frimpong,Frimpong,Liverpool,https://resources.premierleague.com/premierleague/badges/70/t14.png,Defender,2026-27,178,0,0,0,4,0,5300000,
358,Milos Kerkez,Kerkez,Liverpool,https://resources.premierleague.com/premierleague/badges/70/t14.png,Defender,2026-27,385,0,0,2,4,0,5400000,https://resources.premierleague.com/premierleague/photos/players/110x140/p544877.png
359,Joe Gomez,Gomez,Liverpool,https://resources.premierleague.com/premierleague/badges/70/t14.png,Defender,2026-27,0,0,0,0,0,0,4900000,https://resources.premierleague.com/premierleague/photos/players/110x140/p171287.png
360,Conor Bradley,Bradley,Liverpool,https://resources.premierleague.com/premierleague/badges/70/t14.png,Defender,2026-27,0,0,0,0,0,0,5000000,https://resources.premierleague.com/premierleague/photos/players/110x140/p492777.png
361,Wellity Lucky,Lucky,Liverpool,https://resources.premierleague.com/premierleague/badges/70/t14.png,Defender,2026-27,0,0,0,0,0,0,4000000,
362,Jeremy Jacquet,Jacquet,Liverpool,https://resources.premierleague.com/premierleague/badges/70/t14.png,Defender,2026-27,415,0,0,3,4,0,5000000,
363,Giovanni Leoni,Leoni,Liverpool,https://resources.premierleague.com/premierleague/badges/70/t14.png,Defender,2026-27,0,0,0,0,0,0,4000000,
364,Kostas Tsimikas,Tsimikas,Liverpool,https://resources.premierleague.com/premierleague/badges/70/t14.png,Defender,2026-27,64,0,0,0,0,0,4900000,https://resources.premierleague.com/premierleague/photos/players/110x140/p214285.png
365,Calvin Ramsay,Ramsay,Liverpool,https://resources.premierleague.com/premierleague/badges/70/t14.png,Defender,2026-27,0,0,0,0,0,0,4000000,https://resources.premierleague.com/premierleague/photos/players/110x140/p489580.png
366,Florian Wirtz,Wirtz,Liverpool,https://resources.premierleague.com/premierleague/badges/70/t14.png,Midfielder,2026-27,402,0,2,3,4,0,7300000,
367,Cody Gakpo,Gakpo,Liverpool,https://resources.premierleague.com/premierleague/badges/70/t14.png,Midfielder,2026-27,370,1,3,2,4,0,7200000,https://resources.premierleague.com/premierleague/photos/players/110x140/p243298.png
368,Dominik Szoboszlai,Szoboszlai,Liverpool,https://resources.premierleague.com/premierleague/badges/70/t14.png,Midfielder,2026-27,440,1,0,3,4,0,7000000,https://resources.premierleague.com/premierleague/photos/players/110x140/p424876.png
369,Rio Ngumoha,Ngumoha,Liverpool,https://resources.premierleague.com/premierleague/badges/70/t14.png,Midfielder,2026-27,99,0,0,0,2,0,5700000,
370,Federico Chiesa,Chiesa,Liverpool,https://resources.premierleague.com/premierleague/badges/70/t14.png,Midfielder,2026-27,0,0,0,0,0,0,5300000,https://resources.premierleague.com/premierleague/photos/players/110x140/p223541.png
371,Ryan Gravenberch,Gravenberch,Liverpool,https://resources.premierleague.com/premierleague/badges/70/t14.png,Midfielder,2026-27,190,0,1,0,2,0,5800000,https://resources.premierleague.com/premierleague/photos/players/110x140/p441266.png
372,Alexis Mac Allister,Mac Allister,Liverpool,https://resources.premierleague.com/premierleague/badges/70/t14.png,Midfielder,2026-27,306,0,0,2,2,0,5400000,https://resources.premierleague.com/premierleague/photos/players/110x140/p243016.png
373,Curtis Jones,C.Jones,Liverpool,https://resources.premierleague.com/premierleague/badges/70/t14.png,Midfielder,2026-27,0,0,0,0,0,0,5500000,https://resources.premierleague.com/premierleague/photos/players/110x140/p206915.png
374,Endo Wataru,Endo,Liverpool,https://resources.premierleague.com/premierleague/badges/70/t14.png,Midfielder,2026-27,0,0,0,0,0,0,4900000,https://resources.premierleague.com/premierleague/photos/players/110x140/p158983.png
375,Trey Nyoni,Nyoni,Liverpool,https://resources.premierleague.com/premierleague/badges/70/t14.png,Midfielder,2026-27,38,0,0,0,0,0,4900000,
376,Stefan Bajčetić Maquieira,Bajcetic,Liverpool,https://resources.premierleague.com/premierleague/badges/70/t14.png,Midfielder,2026-27,0,0,0,0,0,0,5000000,https://resources.premierleague.com/premierleague/photos/players/110x140/p535928.png
377,Victor Munoz,Munoz,Liverpool,https://resources.premierleague.com/premierleague/badges/70/t14.png,Midfielder,2026-27,257,1,1,1,2,0,6500000,
378,James McConnell,McConnell,Liverpool,https://resources.premierleague.com/premierleague/badges/70/t14.png,Midfielder,2026-27,0,0,0,0,0,0,4400000,https://resources.premierleague.com/premierleague/photos/players/110x140/p491501.png
379,Alexander Isak,Isak,Liverpool,https://resources.premierleague.com/premierleague/badges/70/t14.png,Forward,2026-27,413,4,0,3,4,0,9100000,https://resources.premierleague.com/premierleague/photos/players/110x140/p219168.png
380,Hugo Ekitiké,Ekitiké,Liverpool,https://resources.premierleague.com/premierleague/badges/70/t14.png,Forward,2026-27,0,0,0,0,0,0,7400000,
381,Lewis Koumas,Koumas,Liverpool,https://resources.premierleague.com/premierleague/badges/70/t14.png,Midfielder,2026-27,22,0,0,0,0,0,5000000,
382,Jayden Danns,Danns,Liverpool,https://resources.premierleague.com/premierleague/badges/70/t14.png,Forward,2026-27,0,0,0,0,0,0,4500000,
383,Harvey Elliott,Elliott,Liverpool,https://resources.premierleague.com/premierleague/badges/70/t14.png,Midfielder,2026-27,0,0,0,0,0,0,5400000,https://resources.premierleague.com/premierleague/photos/players/110x140/p444884.png
579,Ronald Araujo,Araujo,Liverpool,https://resources.premierleague.com/premierleague/badges/70/t14.png,Defender,2026-27,284,0,0,3,0,0,5400000,
627,Bradley Barcola,Barcola,Liverpool,https://resources.premierleague.com/premierleague/badges/70/t14.png,Midfielder,2026-27,168,0,0,2,0,0,8000000,
155,Enzo Fernández,Enzo,Man City,https://resources.premierleague.com/premierleague/badges/70/t43.png,Midfielder,2026-27,271,1,0,2,3,0,6900000,https://resources.premierleague.com/premierleague/photos/players/110x140/p448047.png
237,Iliman Ndiaye,Ndiaye,Man City,https://resources.premierleague.com/premierleague/badges/70/t43.png,Midfielder,2026-27,385,0,2,2,4,0,5800000,https://resources.premierleague.com/premierleague/photos/players/110x140/p440993.png
384,Gianluigi Donnarumma,Donnarumma,Man City,https://resources.premierleague.com/premierleague/badges/70/t43.png,Goalkeeper,2026-27,450,0,0,2,5,14,5500000,
386,Marcus Bettinelli,Bettinelli,Man City,https://resources.premierleague.com/premierleague/badges/70/t43.png,Goalkeeper,2026-27,0,0,0,0,0,0,4500000,https://resources.premierleague.com/premierleague/photos/players/110x140/p122074.png
387,Nico O'Reilly,O'Reilly,Man City,https://resources.premierleague.com/premierleague/badges/70/t43.png,Defender,2026-27,163,0,0,0,2,0,6300000,https://resources.premierleague.com/premierleague/photos/players/110x140/p472769.png
388,Marc Guéhi,Guéhi,Man City,https://resources.premierleague.com/premierleague/badges/70/t43.png,Defender,2026-27,450,1,1,2,5,0,6000000,https://resources.premierleague.com/premierleague/photos/players/110x140/p209036.png
389,Matheus Nunes,Matheus N.,Man City,https://resources.premierleague.com/premierleague/badges/70/t43.png,Defender,2026-27,213,0,0,1,3,0,5900000,https://resources.premierleague.com/premierleague/photos/players/110x140/p465351.png
390,Rúben dos Santos Gato Alves Dias,Rúben,Man City,https://resources.premierleague.com/premierleague/badges/70/t43.png,Defender,2026-27,450,0,0,2,5,0,5500000,https://resources.premierleague.com/premierleague/photos/players/110x140/p171314.png
391,Joško Gvardiol,Gvardiol,Man City,https://resources.premierleague.com/premierleague/badges/70/t43.png,Defender,2026-27,434,1,3,2,5,0,5700000,https://resources.premierleague.com/premierleague/photos/players/110x140/p477424.png
392,Rayan Aït-Nouri,Aït-Nouri,Man City,https://resources.premierleague.com/premierleague/badges/70/t43.png,Defender,2026-27,0,0,0,0,0,0,5300000,https://resources.premierleague.com/premierleague/photos/players/110x140/p448514.png
393,Abdukodir Khusanov,Khusanov,Man City,https://resources.premierleague.com/premierleague/badges/70/t43.png,Defender,2026-27,268,0,0,1,2,0,5400000,https://resources.premierleague.com/premierleague/photos/players/110x140/p578153.png
394,Max Alleyne,Alleyne,Man City,https://resources.premierleague.com/premierleague/badges/70/t43.png,Defender,2026-27,0,0,0,0,0,0,5000000,
395,Rico Lewis,Lewis,Man City,https://resources.premierleague.com/premierleague/badges/70/t43.png,Defender,2026-27,56,0,0,0,1,0,4400000,https://resources.premierleague.com/premierleague/photos/players/110x140/p477064.png
396,Vitor de Oliveira Nunes dos Reis,Vitor Reis,Man City,https://resources.premierleague.com/premierleague/badges/70/t43.png,Defender,2026-27,1,0,0,0,0,0,4500000,
397,Antoine Semenyo,Semenyo,Man City,https://resources.premierleague.com/premierleague/badges/70/t43.png,Midfielder,2026-27,450,2,3,2,5,0,8400000,https://resources.premierleague.com/premierleague/photos/players/110x140/p437730.png
398,Phil Foden,Foden,Man City,https://resources.premierleague.com/premierleague/badges/70/t43.png,Midfielder,2026-27,217,0,2,0,2,0,6900000,https://resources.premierleague.com/premierleague/photos/players/110x140/p209244.png
399,Rayan Cherki,Cherki,Man City,https://resources.premierleague.com/premierleague/badges/70/t43.png,Midfielder,2026-27,302,3,2,1,4,0,7800000,
400,Jérémy Doku,Doku,Man City,https://resources.premierleague.com/premierleague/badges/70/t43.png,Midfielder,2026-27,15,0,0,0,0,0,7400000,https://resources.premierleague.com/premierleague/photos/players/110x140/p248875.png
402,Rodrigo 'Rodri' Hernandez Cascante,Rodrigo,Man City,https://resources.premierleague.com/premierleague/badges/70/t43.png,Midfielder,2026-27,0,0,0,0,0,0,6500000,https://resources.premierleague.com/premierleague/photos/players/110x140/p220566.png
404,Tijjani Reijnders,Reijnders,Man City,https://resources.premierleague.com/premierleague/badges/70/t43.png,Midfielder,2026-27,0,0,0,0,0,0,6000000,
406,Mateo Kovačić,Kovačić,Man City,https://resources.premierleague.com/premierleague/badges/70/t43.png,Midfielder,2026-27,42,0,0,0,0,0,5400000,https://resources.premierleague.com/premierleague/photos/players/110x140/p91651.png
407,Claudio Echeverri,Echeverri,Man City,https://resources.premierleague.com/premierleague/badges/70/t43.png,Midfielder,2026-27,0,0,0,0,0,0,4900000,
408,Kalvin Phillips,Phillips,Man City,https://resources.premierleague.com/premierleague/badges/70/t43.png,Midfielder,2026-27,0,0,0,0,0,0,5000000,https://resources.premierleague.com/premierleague/photos/players/110x140/p155405.png
409,Divine Mukasa,Mukasa,Man City,https://resources.premierleague.com/premierleague/badges/70/t43.png,Midfielder,2026-27,0,0,0,0,0,0,4500000,
410,Jeremy Monga,Monga,Man City,https://resources.premierleague.com/premierleague/badges/70/t43.png,Midfielder,2026-27,0,0,0,0,0,0,4900000,https://resources.premierleague.com/premierleague/photos/players/110x140/p649208.png
411,Erling Haaland,Haaland,Man City,https://resources.premierleague.com/premierleague/badges/70/t43.png,Forward,2026-27,450,5,0,2,5,0,15600000,https://resources.premierleague.com/premierleague/photos/players/110x140/p223094.png
481,Elliot Anderson,Anderson,Man City,https://resources.premierleague.com/premierleague/badges/70/t43.png,Midfielder,2026-27,413,0,0,2,5,0,6300000,https://resources.premierleague.com/premierleague/photos/players/110x140/p215379.png
587,Gerónimo Rulli,Rulli,Man City,https://resources.premierleague.com/premierleague/badges/70/t43.png,Goalkeeper,2026-27,0,0,0,0,0,0,5000000,
616,Ayyoub Bouaddi,Bouaddi,Man City,https://resources.premierleague.com/premierleague/badges/70/t43.png,Midfielder,2026-27,22,0,0,0,0,0,5500000,
621,Ryan McAidoo,McAidoo,Man City,https://resources.premierleague.com/premierleague/badges/70/t43.png,Midfielder,2026-27,11,0,0,0,0,0,4500000,
622,Kaden Braithwaite,Braithwaite,Man City,https://resources.premierleague.com/premierleague/badges/70/t43.png,Defender,2026-27,1,0,0,0,0,0,4000000,
628,Allan Andrade Elias,Allan,Man City,https://resources.premierleague.com/premierleague/badges/70/t43.png,Midfielder,2026-27,0,0,0,0,0,0,6000000,
653,Floyd Samba,Samba,Man City,https://resources.premierleague.com/premierleague/badges/70/t43.png,Midfielder,2026-27,0,0,0,0,0,0,4500000,
43,Youri Tielemans,Tielemans,Man Utd,https://resources.premierleague.com/premierleague/badges/70/t1.png,Midfielder,2026-27,402,0,0,0,8,0,5800000,https://resources.premierleague.com/premierleague/photos/players/110x140/p166989.png
131,Carlos Baleba,Baleba,Man Utd,https://resources.premierleague.com/premierleague/badges/70/t1.png,Midfielder,2026-27,0,0,0,0,0,0,4900000,https://resources.premierleague.com/premierleague/photos/players/110x140/p535301.png
162,Andrey Nascimento dos Santos,Andrey Santos,Man Utd,https://resources.premierleague.com/premierleague/badges/70/t1.png,Midfielder,2026-27,82,0,0,0,4,0,4800000,
325,Karl Darlow,Darlow,Man Utd,https://resources.premierleague.com/premierleague/badges/70/t1.png,Goalkeeper,2026-27,0,0,0,0,0,0,4500000,https://resources.premierleague.com/premierleague/photos/players/110x140/p59735.png
412,Senne Lammens,Lammens,Man Utd,https://resources.premierleague.com/premierleague/badges/70/t1.png,Goalkeeper,2026-27,450,0,0,0,8,16,4900000,
413,Altay Bayındır,Bayindir,Man Utd,https://resources.premierleague.com/premierleague/badges/70/t1.png,Goalkeeper,2026-27,0,0,0,0,0,0,4500000,https://resources.premierleague.com/premierleague/photos/players/110x140/p451302.png
414,Tom Heaton,Heaton,Man Utd,https://resources.premierleague.com/premierleague/badges/70/t1.png,Goalkeeper,2026-27,0,0,0,0,0,0,4000000,https://resources.premierleague.com/premierleague/photos/players/110x140/p21205.png
415,Patrick Dorgu,Dorgu,Man Utd,https://resources.premierleague.com/premierleague/badges/70/t1.png,Midfielder,2026-27,171,0,1,0,6,0,5800000,https://resources.premierleague.com/premierleague/photos/players/110x140/p596777.png
416,Matthijs de Ligt,De Ligt,Man Utd,https://resources.premierleague.com/premierleague/badges/70/t1.png,Defender,2026-27,0,0,0,0,0,0,5000000,https://resources.premierleague.com/premierleague/photos/players/110x140/p209365.png
417,Diogo Dalot Teixeira,Dalot,Man Utd,https://resources.premierleague.com/premierleague/badges/70/t1.png,Defender,2026-27,346,0,0,0,4,0,4900000,https://resources.premierleague.com/premierleague/photos/players/110x140/p216051.png
418,Harry Maguire,Maguire,Man Utd,https://resources.premierleague.com/premierleague/badges/70/t1.png,Defender,2026-27,450,0,1,0,8,0,4800000,https://resources.premierleague.com/premierleague/photos/players/110x140/p95658.png
419,Lisandro Martínez,Martinez,Man Utd,https://resources.premierleague.com/premierleague/badges/70/t1.png,Defender,2026-27,360,0,0,0,6,0,5000000,https://resources.premierleague.com/premierleague/photos/players/110x140/p221820.png
420,Leny Yoro,Yoro,Man Utd,https://resources.premierleague.com/premierleague/badges/70/t1.png,Defender,2026-27,22,0,0,0,2,0,4800000,https://resources.premierleague.com/premierleague/photos/players/110x140/p550864.png
421,Ayden Heaven,Heaven,Man Utd,https://resources.premierleague.com/premierleague/badges/70/t1.png,Defender,2026-27,90,0,0,0,2,0,4400000,https://resources.premierleague.com/premierleague/photos/players/110x140/p606745.png
422,Noussair Mazraoui,Mazraoui,Man Utd,https://resources.premierleague.com/premierleague/badges/70/t1.png,Defender,2026-27,97,0,0,0,4,0,4400000,https://resources.premierleague.com/premierleague/photos/players/110x140/p230001.png
423,Luke Shaw,Shaw,Man Utd,https://resources.premierleague.com/premierleague/badges/70/t1.png,Defender,2026-27,335,0,1,0,5,0,4300000,https://resources.premierleague.com/premierleague/photos/players/110x140/p106760.png
424,Harry Amass,Amass,Man Utd,https://resources.premierleague.com/premierleague/badges/70/t1.png,Defender,2026-27,0,0,0,0,0,0,4000000,https://resources.premierleague.com/premierleague/photos/players/110x140/p577974.png
425,Tyler Fredricson,Fredricson,Man Utd,https://resources.premierleague.com/premierleague/badges/70/t1.png,Defender,2026-27,0,0,0,0,0,0,4000000,
426,Bruno Borges Fernandes,B.Fernandes,Man Utd,https://resources.premierleague.com/premierleague/badges/70/t1.png,Midfielder,2026-27,450,3,1,0,8,0,11900000,https://resources.premierleague.com/premierleague/photos/players/110x140/p141746.png
427,Bryan Mbeumo,Mbeumo,Man Utd,https://resources.premierleague.com/premierleague/badges/70/t1.png,Midfielder,2026-27,450,2,1,0,8,0,7900000,https://resources.premierleague.com/premierleague/photos/players/110x140/p446008.png
428,Matheus Santos Carneiro da Cunha,Cunha,Man Utd,https://resources.premierleague.com/premierleague/badges/70/t1.png,Midfielder,2026-27,407,1,2,1,5,0,7900000,https://resources.premierleague.com/premierleague/photos/players/110x140/p430871.png
429,Marcus Rashford,Rashford,Man Utd,https://resources.premierleague.com/premierleague/badges/70/t1.png,Midfielder,2026-27,351,0,0,1,3,0,7000000,https://resources.premierleague.com/premierleague/photos/players/110x140/p176297.png
430,Mason Mount,Mount,Man Utd,https://resources.premierleague.com/premierleague/badges/70/t1.png,Midfielder,2026-27,10,0,0,0,0,0,5400000,https://resources.premierleague.com/premierleague/photos/players/110x140/p184341.png
431,Amad Diallo,Amad,Man Utd,https://resources.premierleague.com/premierleague/badges/70/t1.png,Midfielder,2026-27,0,0,0,0,0,0,5700000,https://resources.premierleague.com/premierleague/photos/players/110x140/p493250.png
432,Kobbie Mainoo,Mainoo,Man Utd,https://resources.premierleague.com/premierleague/badges/70/t1.png,Midfielder,2026-27,354,0,1,0,4,0,5500000,https://resources.premierleague.com/premierleague/photos/players/110x140/p516895.png
433,Manuel Ugarte Ribeiro,Ugarte,Man Utd,https://resources.premierleague.com/premierleague/badges/70/t1.png,Midfielder,2026-27,0,0,0,0,0,0,5000000,https://resources.premierleague.com/premierleague/photos/players/110x140/p232112.png
434,Jack Fletcher,J.Fletcher,Man Utd,https://resources.premierleague.com/premierleague/badges/70/t1.png,Midfielder,2026-27,0,0,0,0,0,0,4900000,
435,Shea Lacey,Lacey,Man Utd,https://resources.premierleague.com/premierleague/badges/70/t1.png,Midfielder,2026-27,10,0,0,0,0,0,4900000,
436,Toby Collyer,Collyer,Man Utd,https://resources.premierleague.com/premierleague/badges/70/t1.png,Midfielder,2026-27,0,0,0,0,0,0,5000000,https://resources.premierleague.com/premierleague/photos/players/110x140/p490881.png
437,Bendito Mantato,Bendito Mantato,Man Utd,https://resources.premierleague.com/premierleague/badges/70/t1.png,Midfielder,2026-27,0,0,0,0,0,0,4400000,
438,Tyler Fletcher,Fletcher,Man Utd,https://resources.premierleague.com/premierleague/badges/70/t1.png,Midfielder,2026-27,0,0,0,0,0,0,4400000,
439,Benjamin Sesko,Šeško,Man Utd,https://resources.premierleague.com/premierleague/badges/70/t1.png,Forward,2026-27,76,1,0,0,3,0,7000000,
440,Joshua Zirkzee,Zirkzee,Man Utd,https://resources.premierleague.com/premierleague/badges/70/t1.png,Forward,2026-27,20,0,0,0,0,0,5300000,https://resources.premierleague.com/premierleague/photos/players/110x140/p458249.png
441,Chido Obi,Obi,Man Utd,https://resources.premierleague.com/premierleague/badges/70/t1.png,Forward,2026-27,0,0,0,0,0,0,4500000,https://resources.premierleague.com/premierleague/photos/players/110x140/p596047.png
405,Nico González Iglesias,N.Gonzalez,Newcastle,https://resources.premierleague.com/premierleague/badges/70/t4.png,Midfielder,2026-27,164,0,0,1,2,0,5500000,https://resources.premierleague.com/premierleague/photos/players/110x140/p465694.png
442,Nick Pope,Pope,Newcastle,https://resources.premierleague.com/premierleague/badges/70/t4.png,Goalkeeper,2026-27,0,0,0,0,0,0,4900000,https://resources.premierleague.com/premierleague/photos/players/110x140/p98747.png
443,Mark Gillespie,Gillespie,Newcastle,https://resources.premierleague.com/premierleague/badges/70/t4.png,Goalkeeper,2026-27,0,0,0,0,0,0,4500000,https://resources.premierleague.com/premierleague/photos/players/110x140/p81441.png
444,Ewen Jaouen,Jaouen,Newcastle,https://resources.premierleague.com/premierleague/badges/70/t4.png,Goalkeeper,2026-27,0,0,0,0,0,0,4400000,
445,Malick Thiaw,Thiaw,Newcastle,https://resources.premierleague.com/premierleague/badges/70/t4.png,Defender,2026-27,450,0,0,1,9,0,5000000,
446,Fabian Schär,Schär,Newcastle,https://resources.premierleague.com/premierleague/badges/70/t4.png,Defender,2026-27,25,0,0,0,2,0,4900000,https://resources.premierleague.com/premierleague/photos/players/110x140/p119471.png
447,Sven Botman,Botman,Newcastle,https://resources.premierleague.com/premierleague/badges/70/t4.png,Defender,2026-27,450,0,0,1,9,0,5000000,https://resources.premierleague.com/premierleague/photos/players/110x140/p220237.png
448,Dan Burn,Burn,Newcastle,https://resources.premierleague.com/premierleague/badges/70/t4.png,Defender,2026-27,0,0,0,0,0,0,4800000,https://resources.premierleague.com/premierleague/photos/players/110x140/p78916.png
449,Lewis Hall,Hall,Newcastle,https://resources.premierleague.com/premierleague/badges/70/t4.png,Defender,2026-27,449,1,1,1,9,0,5300000,https://resources.premierleague.com/premierleague/photos/players/110x140/p487838.png
450,Tino Livramento,Livramento,Newcastle,https://resources.premierleague.com/premierleague/badges/70/t4.png,Defender,2026-27,33,0,1,0,1,0,4900000,https://resources.premierleague.com/premierleague/photos/players/110x140/p441191.png
451,Alex Murphy,A.Murphy,Newcastle,https://resources.premierleague.com/premierleague/badges/70/t4.png,Defender,2026-27,0,0,0,0,0,0,4000000,https://resources.premierleague.com/premierleague/photos/players/110x140/p545477.png
453,Harvey Barnes,Barnes,Newcastle,https://resources.premierleague.com/premierleague/badges/70/t4.png,Midfielder,2026-27,450,1,3,1,9,0,6100000,https://resources.premierleague.com/premierleague/photos/players/110x140/p201666.png
454,Anthony Elanga,Elanga,Newcastle,https://resources.premierleague.com/premierleague/badges/70/t4.png,Midfielder,2026-27,232,2,0,1,3,0,6100000,https://resources.premierleague.com/premierleague/photos/players/110x140/p449434.png
456,Jacob Ramsey,J.Ramsey,Newcastle,https://resources.premierleague.com/premierleague/badges/70/t4.png,Midfielder,2026-27,69,1,0,0,1,0,4900000,https://resources.premierleague.com/premierleague/photos/players/110x140/p232653.png
457,Jacob Murphy,J.Murphy,Newcastle,https://resources.premierleague.com/premierleague/badges/70/t4.png,Midfielder,2026-27,181,0,0,0,5,0,5900000,https://resources.premierleague.com/premierleague/photos/players/110x140/p114243.png
458,Joelinton Cássio Apolinário de Lira,Joelinton,Newcastle,https://resources.premierleague.com/premierleague/badges/70/t4.png,Midfielder,2026-27,0,0,0,0,0,0,5400000,https://resources.premierleague.com/premierleague/photos/players/110x140/p180974.png
459,Lewis Miley,L.Miley,Newcastle,https://resources.premierleague.com/premierleague/badges/70/t4.png,Midfielder,2026-27,396,0,0,1,8,0,5500000,https://resources.premierleague.com/premierleague/photos/players/110x140/p547719.png
460,Joe Willock,Willock,Newcastle,https://resources.premierleague.com/premierleague/badges/70/t4.png,Midfielder,2026-27,284,2,0,1,5,0,5000000,https://resources.premierleague.com/premierleague/photos/players/110x140/p200089.png
461,Bazoumana Touré,Touré,Newcastle,https://resources.premierleague.com/premierleague/badges/70/t4.png,Midfielder,2026-27,50,1,0,0,1,0,5800000,
462,Sean Steur,Steur,Newcastle,https://resources.premierleague.com/premierleague/badges/70/t4.png,Midfielder,2026-27,223,0,0,1,5,0,4900000,
463,Nick Woltemade,Woltemade,Newcastle,https://resources.premierleague.com/premierleague/badges/70/t4.png,Forward,2026-27,19,0,1,0,0,0,5900000,
464,Yoane Wissa,Wissa,Newcastle,https://resources.premierleague.com/premierleague/badges/70/t4.png,Forward,2026-27,441,1,1,1,8,0,6200000,https://resources.premierleague.com/premierleague/photos/players/110x140/p216646.png
465,William Osula,Osula,Newcastle,https://resources.premierleague.com/premierleague/badges/70/t4.png,Forward,2026-27,55,0,1,0,1,0,5800000,https://resources.premierleague.com/premierleague/photos/players/110x140/p538207.png
466,Sean Neave,Neave,Newcastle,https://resources.premierleague.com/premierleague/badges/70/t4.png,Forward,2026-27,0,0,0,0,0,0,4500000,
559,Aladji Bamba,Bamba,Newcastle,https://resources.premierleague.com/premierleague/badges/70/t4.png,Midfielder,2026-27,27,0,0,0,1,0,4900000,
567,Lukás Hornícek,Horníček,Newcastle,https://resources.premierleague.com/premierleague/badges/70/t4.png,Goalkeeper,2026-27,450,0,0,1,9,19,5000000,
593,Amar Dedic,Dedić,Newcastle,https://resources.premierleague.com/premierleague/badges/70/t4.png,Defender,2026-27,327,0,1,1,7,0,4500000,
609,Leo Shahar,Shahar,Newcastle,https://resources.premierleague.com/premierleague/badges/70/t4.png,Defender,2026-27,0,0,0,0,0,0,4000000,
634,Matias Fernandez-Pardo,Fernandez-Pardo,Newcastle,https://resources.premierleague.com/premierleague/badges/70/t4.png,Forward,2026-27,157,0,0,0,4,0,6000000,
659,Mason Miley,Miley,Newcastle,https://resources.premierleague.com/premierleague/badges/70/t4.png,Midfielder,2026-27,0,0,0,0,0,0,4500000,
663,Miodrag Pivas,Pivas,Newcastle,https://resources.premierleague.com/premierleague/badges/70/t4.png,Defender,2026-27,0,0,0,0,0,0,4000000,
664,Vakhtang Salia,Salia,Newcastle,https://resources.premierleague.com/premierleague/badges/70/t4.png,Forward,2026-27,0,0,0,0,0,0,4500000,
665,Michael Mills,Mills,Newcastle,https://resources.premierleague.com/premierleague/badges/70/t4.png,Midfielder,2026-27,0,0,0,0,0,0,4500000,
666,Kyran Thompson,Thompson,Newcastle,https://resources.premierleague.com/premierleague/badges/70/t4.png,Midfielder,2026-27,0,0,0,0,0,0,4500000,
167,Liam Delap,Delap,Nott'm Forest,https://resources.premierleague.com/premierleague/badges/70/t17.png,Forward,2026-27,277,1,0,1,3,0,5600000,https://resources.premierleague.com/premierleague/photos/players/110x140/p463034.png
201,Daniel Muñoz Mejía,Muñoz,Nott'm Forest,https://resources.premierleague.com/premierleague/badges/70/t17.png,Defender,2026-27,257,0,0,0,4,0,5400000,https://resources.premierleague.com/premierleague/photos/players/110x140/p247348.png
467,Matz Sels,Sels,Nott'm Forest,https://resources.premierleague.com/premierleague/badges/70/t17.png,Goalkeeper,2026-27,450,0,0,1,5,11,5000000,https://resources.premierleague.com/premierleague/photos/players/110x140/p85633.png
468,John Victor Maciel Furtado,John,Nott'm Forest,https://resources.premierleague.com/premierleague/badges/70/t17.png,Goalkeeper,2026-27,0,0,0,0,0,0,4500000,
469,Neco Williams,N.Williams,Nott'm Forest,https://resources.premierleague.com/premierleague/badges/70/t17.png,Defender,2026-27,450,0,1,1,5,0,5000000,https://resources.premierleague.com/premierleague/photos/players/110x140/p215136.png
470,Felipe Rodrigues da Silva,Morato,Nott'm Forest,https://resources.premierleague.com/premierleague/badges/70/t17.png,Defender,2026-27,0,0,0,0,0,0,5000000,https://resources.premierleague.com/premierleague/photos/players/110x140/p485047.png
471,Nikola Milenković,Milenković,Nott'm Forest,https://resources.premierleague.com/premierleague/badges/70/t17.png,Defender,2026-27,270,0,0,1,3,0,5400000,https://resources.premierleague.com/premierleague/photos/players/110x140/p227444.png
472,Murillo Costa dos Santos,Murillo,Nott'm Forest,https://resources.premierleague.com/premierleague/badges/70/t17.png,Defender,2026-27,449,0,1,1,5,0,5500000,https://resources.premierleague.com/premierleague/photos/players/110x140/p575476.png
473,Ola Aina,Aina,Nott'm Forest,https://resources.premierleague.com/premierleague/badges/70/t17.png,Defender,2026-27,306,0,0,1,3,0,4400000,https://resources.premierleague.com/premierleague/photos/players/110x140/p159506.png
474,Jair Paula da Cunha Filho,Jair Cunha,Nott'm Forest,https://resources.premierleague.com/premierleague/badges/70/t17.png,Defender,2026-27,360,0,0,1,4,0,4500000,
475,Nicolò Savona,Savona,Nott'm Forest,https://resources.premierleague.com/premierleague/badges/70/t17.png,Defender,2026-27,0,0,0,0,0,0,4500000,
476,Omar Richards,O.Richards,Nott'm Forest,https://resources.premierleague.com/premierleague/badges/70/t17.png,Defender,2026-27,0,0,0,0,0,0,4000000,https://resources.premierleague.com/premierleague/photos/players/110x140/p204822.png
477,Zach Abbott,Abbott,Nott'm Forest,https://resources.premierleague.com/premierleague/badges/70/t17.png,Defender,2026-27,0,0,0,0,0,0,4000000,https://resources.premierleague.com/premierleague/photos/players/110x140/p549067.png
478,Luca Netz,Netz,Nott'm Forest,https://resources.premierleague.com/premierleague/badges/70/t17.png,Defender,2026-27,27,0,0,0,1,0,4400000,
479,Tyler Bindon,Bindon,Nott'm Forest,https://resources.premierleague.com/premierleague/badges/70/t17.png,Defender,2026-27,0,0,0,0,0,0,4000000,
480,Morgan Gibbs-White,Gibbs-White,Nott'm Forest,https://resources.premierleague.com/premierleague/badges/70/t17.png,Midfielder,2026-27,450,1,2,1,5,0,8000000,https://resources.premierleague.com/premierleague/photos/players/110x140/p222531.png
482,Callum Hudson-Odoi,Hudson-Odoi,Nott'm Forest,https://resources.premierleague.com/premierleague/badges/70/t17.png,Midfielder,2026-27,1,0,0,0,0,0,5800000,https://resources.premierleague.com/premierleague/photos/players/110x140/p209046.png
483,Dan Ndoye,Ndoye,Nott'm Forest,https://resources.premierleague.com/premierleague/badges/70/t17.png,Midfielder,2026-27,316,1,0,1,3,0,5500000,
484,Omari Hutchinson,Hutchinson,Nott'm Forest,https://resources.premierleague.com/premierleague/badges/70/t17.png,Midfielder,2026-27,0,0,0,0,0,0,5400000,https://resources.premierleague.com/premierleague/photos/players/110x140/p503301.png
485,Dilane Bakwa,Bakwa,Nott'm Forest,https://resources.premierleague.com/premierleague/badges/70/t17.png,Midfielder,2026-27,0,0,0,0,0,0,5500000,
486,James McAtee,McAtee,Nott'm Forest,https://resources.premierleague.com/premierleague/badges/70/t17.png,Midfielder,2026-27,416,0,0,2,4,0,5500000,https://resources.premierleague.com/premierleague/photos/players/110x140/p432714.png
487,Nicolás Domínguez,Dominguez,Nott'm Forest,https://resources.premierleague.com/premierleague/badges/70/t17.png,Midfielder,2026-27,1,0,0,0,0,0,4900000,https://resources.premierleague.com/premierleague/photos/players/110x140/p250199.png
488,Ibrahim Sangaré,I.Sangaré,Nott'm Forest,https://resources.premierleague.com/premierleague/badges/70/t17.png,Midfielder,2026-27,105,0,0,0,1,0,4900000,https://resources.premierleague.com/premierleague/photos/players/110x140/p210462.png
489,Ryan Yates,Yates,Nott'm Forest,https://resources.premierleague.com/premierleague/badges/70/t17.png,Midfielder,2026-27,0,0,0,0,0,0,4500000,https://resources.premierleague.com/premierleague/photos/players/110x140/p204968.png
490,Chris Wood,Wood,Nott'm Forest,https://resources.premierleague.com/premierleague/badges/70/t17.png,Forward,2026-27,62,0,0,0,1,0,5800000,https://resources.premierleague.com/premierleague/photos/players/110x140/p60689.png
491,Igor Jesus Maciel da Cruz,Igor Jesus,Nott'm Forest,https://resources.premierleague.com/premierleague/badges/70/t17.png,Forward,2026-27,257,1,0,0,3,0,5800000,
493,Arnaud Kalimuendo,Kalimuendo,Nott'm Forest,https://resources.premierleague.com/premierleague/badges/70/t17.png,Forward,2026-27,1,0,0,0,0,0,5400000,
558,Xaver Schlager,Schlager,Nott'm Forest,https://resources.premierleague.com/premierleague/badges/70/t17.png,Midfielder,2026-27,376,0,0,1,5,0,5000000,
581,Ousmane Diomande,Diomande,Nott'm Forest,https://resources.premierleague.com/premierleague/badges/70/t17.png,Defender,2026-27,163,0,0,0,2,0,5400000,
590,Steven Benda,Benda,Nott'm Forest,https://resources.premierleague.com/premierleague/badges/70/t17.png,Goalkeeper,2026-27,0,0,0,0,0,0,4500000,https://resources.premierleague.com/premierleague/photos/players/110x140/p428971.png
112,Jan Paul van Hecke,Van Hecke,Spurs,https://resources.premierleague.com/premierleague/badges/70/t6.png,Defender,2026-27,450,1,0,2,8,0,4900000,https://resources.premierleague.com/premierleague/photos/players/110x140/p469142.png
147,Tosin Adarabioyo,Tosin,Spurs,https://resources.premierleague.com/premierleague/badges/70/t6.png,Defender,2026-27,5,0,0,0,0,0,4400000,https://resources.premierleague.com/premierleague/photos/players/110x140/p109646.png
401,Omar Marmoush,Marmoush,Spurs,https://resources.premierleague.com/premierleague/badges/70/t6.png,Forward,2026-27,339,0,0,2,5,0,7000000,https://resources.premierleague.com/premierleague/photos/players/110x140/p438234.png
403,Sávio Moreira de Oliveira,Sávio,Spurs,https://resources.premierleague.com/premierleague/badges/70/t6.png,Midfielder,2026-27,240,0,0,2,3,0,6500000,https://resources.premierleague.com/premierleague/photos/players/110x140/p510281.png
455,Sandro Tonali,Tonali,Spurs,https://resources.premierleague.com/premierleague/badges/70/t6.png,Midfielder,2026-27,427,0,0,2,8,0,5300000,https://resources.premierleague.com/premierleague/photos/players/110x140/p432422.png
494,Guglielmo Vicario,Vicario,Spurs,https://resources.premierleague.com/premierleague/badges/70/t6.png,Goalkeeper,2026-27,0,0,0,0,0,0,4500000,https://resources.premierleague.com/premierleague/photos/players/110x140/p184254.png
495,Brandon Austin,Austin,Spurs,https://resources.premierleague.com/premierleague/badges/70/t6.png,Goalkeeper,2026-27,0,0,0,0,0,0,4000000,https://resources.premierleague.com/premierleague/photos/players/110x140/p214572.png
496,Antonín Kinský,Kinsky,Spurs,https://resources.premierleague.com/premierleague/badges/70/t6.png,Goalkeeper,2026-27,450,0,0,2,8,12,4500000,https://resources.premierleague.com/premierleague/photos/players/110x140/p485055.png
497,Martin Dubravka,Dubravka,Spurs,https://resources.premierleague.com/premierleague/badges/70/t6.png,Goalkeeper,2026-27,0,0,0,0,0,0,4000000,https://resources.premierleague.com/premierleague/photos/players/110x140/p67089.png
498,Marcos Senesi Barón,Senesi,Spurs,https://resources.premierleague.com/premierleague/badges/70/t6.png,Defender,2026-27,90,0,0,0,3,0,5800000,https://resources.premierleague.com/premierleague/photos/players/110x140/p221466.png
499,Pedro Porro Sauceda,Pedro Porro,Spurs,https://resources.premierleague.com/premierleague/badges/70/t6.png,Defender,2026-27,198,0,0,1,2,0,5400000,https://resources.premierleague.com/premierleague/photos/players/110x140/p441164.png
500,Cristian Romero,Romero,Spurs,https://resources.premierleague.com/premierleague/badges/70/t6.png,Defender,2026-27,0,0,0,0,0,0,5000000,https://resources.premierleague.com/premierleague/photos/players/110x140/p221632.png
502,Andrew Robertson,Robertson,Spurs,https://resources.premierleague.com/premierleague/badges/70/t6.png,Defender,2026-27,366,0,1,1,7,0,4400000,https://resources.premierleague.com/premierleague/photos/players/110x140/p122798.png
503,Micky van de Ven,Van de Ven,Spurs,https://resources.premierleague.com/premierleague/badges/70/t6.png,Defender,2026-27,360,0,0,2,5,0,5000000,https://resources.premierleague.com/premierleague/photos/players/110x140/p491279.png
505,Djed Spence,Spence,Spurs,https://resources.premierleague.com/premierleague/badges/70/t6.png,Defender,2026-27,0,0,0,0,0,0,4500000,https://resources.premierleague.com/premierleague/photos/players/110x140/p232859.png
506,Destiny Udogie,Udogie,Spurs,https://resources.premierleague.com/premierleague/badges/70/t6.png,Defender,2026-27,86,0,0,1,1,0,4400000,https://resources.premierleague.com/premierleague/photos/players/110x140/p487053.png
507,Ashley Phillips,Phillips,Spurs,https://resources.premierleague.com/premierleague/badges/70/t6.png,Defender,2026-27,0,0,0,0,0,0,4500000,https://resources.premierleague.com/premierleague/photos/players/110x140/p548308.png
508,Ben Davies,Davies,Spurs,https://resources.premierleague.com/premierleague/badges/70/t6.png,Defender,2026-27,0,0,0,0,0,0,3900000,https://resources.premierleague.com/premierleague/photos/players/110x140/p115556.png
509,Jun'ai Byfield,Byfield,Spurs,https://resources.premierleague.com/premierleague/badges/70/t6.png,Defender,2026-27,0,0,0,0,0,0,4000000,
510,James Rowswell,Rowswell,Spurs,https://resources.premierleague.com/premierleague/badges/70/t6.png,Defender,2026-27,0,0,0,0,0,0,4000000,
511,João Victor de Souza Menezes,Souza,Spurs,https://resources.premierleague.com/premierleague/badges/70/t6.png,Defender,2026-27,0,0,0,0,0,0,4000000,
512,Mohammed Kudus,Kudus,Spurs,https://resources.premierleague.com/premierleague/badges/70/t6.png,Midfielder,2026-27,123,0,1,0,3,0,6500000,https://resources.premierleague.com/premierleague/photos/players/110x140/p460842.png
513,Xavi Simons,Xavi,Spurs,https://resources.premierleague.com/premierleague/badges/70/t6.png,Midfielder,2026-27,0,0,0,0,0,0,5900000,
514,Mathys Tel,Tel,Spurs,https://resources.premierleague.com/premierleague/badges/70/t6.png,Midfielder,2026-27,257,0,0,1,4,0,5700000,https://resources.premierleague.com/premierleague/photos/players/110x140/p511499.png
515,James Maddison,Maddison,Spurs,https://resources.premierleague.com/premierleague/badges/70/t6.png,Midfielder,2026-27,59,0,0,0,2,0,6300000,https://resources.premierleague.com/premierleague/photos/players/110x140/p172780.png
516,Rodrigo Bentancur,Bentancur,Spurs,https://resources.premierleague.com/premierleague/badges/70/t6.png,Midfielder,2026-27,370,0,0,2,6,0,5500000,https://resources.premierleague.com/premierleague/photos/players/110x140/p202993.png
517,Wilson Odobert,Odobert,Spurs,https://resources.premierleague.com/premierleague/badges/70/t6.png,Midfielder,2026-27,0,0,0,0,0,0,5500000,https://resources.premierleague.com/premierleague/photos/players/110x140/p550839.png
518,Pape Matar Sarr,P.M.Sarr,Spurs,https://resources.premierleague.com/premierleague/badges/70/t6.png,Midfielder,2026-27,0,0,0,0,0,0,4900000,https://resources.premierleague.com/premierleague/photos/players/110x140/p482442.png
519,Conor Gallagher,Gallagher,Spurs,https://resources.premierleague.com/premierleague/badges/70/t6.png,Midfielder,2026-27,134,1,0,1,2,0,5300000,https://resources.premierleague.com/premierleague/photos/players/110x140/p232787.png
520,Lucas Bergvall,Bergvall,Spurs,https://resources.premierleague.com/premierleague/badges/70/t6.png,Midfielder,2026-27,78,0,0,0,2,0,5300000,https://resources.premierleague.com/premierleague/photos/players/110x140/p570526.png
521,Dejan Kulusevski,Kulusevski,Spurs,https://resources.premierleague.com/premierleague/badges/70/t6.png,Midfielder,2026-27,0,0,0,0,0,0,6500000,https://resources.premierleague.com/premierleague/photos/players/110x140/p445044.png
522,Archie Gray,Gray,Spurs,https://resources.premierleague.com/premierleague/badges/70/t6.png,Midfielder,2026-27,307,0,0,1,7,0,4900000,https://resources.premierleague.com/premierleague/photos/players/110x140/p547701.png
523,Mikey Moore,Moore,Spurs,https://resources.premierleague.com/premierleague/badges/70/t6.png,Midfielder,2026-27,89,0,0,0,4,0,5000000,https://resources.premierleague.com/premierleague/photos/players/110x140/p499721.png
524,Callum Olusesi,Olusesi,Spurs,https://resources.premierleague.com/premierleague/badges/70/t6.png,Midfielder,2026-27,0,0,0,0,0,0,4400000,https://resources.premierleague.com/premierleague/photos/players/110x140/p499726.png
525,Mateus Fernandes,Fernandes,Spurs,https://resources.premierleague.com/premierleague/badges/70/t6.png,Midfielder,2026-27,249,0,0,1,4,0,5700000,https://resources.premierleague.com/premierleague/photos/players/110x140/p551226.png
526,Dominic Solanke-Mitchell,Solanke,Spurs,https://resources.premierleague.com/premierleague/badges/70/t6.png,Forward,2026-27,170,0,0,1,1,0,5800000,https://resources.premierleague.com/premierleague/photos/players/110x140/p154566.png
527,Richarlison de Andrade,Richarlison,Spurs,https://resources.premierleague.com/premierleague/badges/70/t6.png,Forward,2026-27,67,0,0,0,3,0,5900000,https://resources.premierleague.com/premierleague/photos/players/110x140/p212319.png
528,Dane Scarlett,Scarlett,Spurs,https://resources.premierleague.com/premierleague/badges/70/t6.png,Forward,2026-27,0,0,0,0,0,0,4500000,https://resources.premierleague.com/premierleague/photos/players/110x140/p490145.png
578,Mykhailo Mudryk,Mudryk,Spurs,https://resources.premierleague.com/premierleague/badges/70/t6.png,Midfielder,2026-27,16,0,0,0,0,0,5300000,https://resources.premierleague.com/premierleague/photos/players/110x140/p465920.png
601,Luca Williams-Barnett,Williams-Barnett,Spurs,https://resources.premierleague.com/premierleague/badges/70/t6.png,Midfielder,2026-27,0,0,0,0,0,0,4500000,
501,Kevin Danso,Danso,Sunderland,https://resources.premierleague.com/premierleague/badges/70/t56.png,Defender,2026-27,270,0,0,0,8,0,5000000,https://resources.premierleague.com/premierleague/photos/players/110x140/p135720.png
529,Robin Roefs,Roefs,Sunderland,https://resources.premierleague.com/premierleague/badges/70/t56.png,Goalkeeper,2026-27,450,0,0,1,10,6,4900000,
530,Anthony Patterson,Patterson,Sunderland,https://resources.premierleague.com/premierleague/badges/70/t56.png,Goalkeeper,2026-27,0,0,0,0,0,0,4000000,
531,Melker Ellborg,Ellborg,Sunderland,https://resources.premierleague.com/premierleague/badges/70/t56.png,Goalkeeper,2026-27,0,0,0,0,0,0,4500000,
532,Daniel Ballard,Ballard,Sunderland,https://resources.premierleague.com/premierleague/badges/70/t56.png,Defender,2026-27,450,0,0,1,10,0,4900000,
533,Nordi Mukiele,Mukiele,Sunderland,https://resources.premierleague.com/premierleague/badges/70/t56.png,Defender,2026-27,360,0,0,1,8,0,5400000,
534,Trai Hume,Hume,Sunderland,https://resources.premierleague.com/premierleague/badges/70/t56.png,Defender,2026-27,206,0,0,1,2,0,4300000,
535,Omar Alderete,Alderete,Sunderland,https://resources.premierleague.com/premierleague/badges/70/t56.png,Defender,2026-27,23,0,0,0,1,0,4800000,
536,Reinildo Mandava,Reinildo,Sunderland,https://resources.premierleague.com/premierleague/badges/70/t56.png,Defender,2026-27,360,0,0,1,5,0,4400000,
537,Jenson Seelt,Seelt,Sunderland,https://resources.premierleague.com/premierleague/badges/70/t56.png,Defender,2026-27,0,0,0,0,0,0,4500000,
538,Leo Fuhr Hjelde,Hjelde,Sunderland,https://resources.premierleague.com/premierleague/badges/70/t56.png,Defender,2026-27,0,0,0,0,0,0,4000000,https://resources.premierleague.com/premierleague/photos/players/110x140/p477547.png
539,Luke O'Nien,O'Nien,Sunderland,https://resources.premierleague.com/premierleague/badges/70/t56.png,Defender,2026-27,66,0,0,0,1,0,3900000,
540,Arthur Masuaku,Masuaku,Sunderland,https://resources.premierleague.com/premierleague/badges/70/t56.png,Defender,2026-27,0,0,0,0,0,0,4000000,https://resources.premierleague.com/premierleague/photos/players/110x140/p105717.png
541,Thomas Meunier,Meunier,Sunderland,https://resources.premierleague.com/premierleague/badges/70/t56.png,Defender,2026-27,396,0,1,1,8,0,4500000,
542,Enzo Le Fée,E.Le Fée,Sunderland,https://resources.premierleague.com/premierleague/badges/70/t56.png,Midfielder,2026-27,438,1,1,1,9,0,5700000,
543,Habib Diarra,Diarra,Sunderland,https://resources.premierleague.com/premierleague/badges/70/t56.png,Midfielder,2026-27,28,0,1,0,1,0,5400000,
544,Granit Xhaka,Xhaka,Sunderland,https://resources.premierleague.com/premierleague/badges/70/t56.png,Midfielder,2026-27,450,0,1,1,10,0,5500000,https://resources.premierleague.com/premierleague/photos/players/110x140/p84450.png
545,Noah Sadiki,Sadiki,Sunderland,https://resources.premierleague.com/premierleague/badges/70/t56.png,Midfielder,2026-27,410,0,0,1,9,0,4900000,
546,Simon Adingra,Adingra,Sunderland,https://resources.premierleague.com/premierleague/badges/70/t56.png,Midfielder,2026-27,0,0,0,0,0,0,4900000,https://resources.premierleague.com/premierleague/photos/players/110x140/p535818.png
547,Romaine Mundle,Mundle,Sunderland,https://resources.premierleague.com/premierleague/badges/70/t56.png,Midfielder,2026-27,1,0,0,0,0,0,4900000,https://resources.premierleague.com/premierleague/photos/players/110x140/p461199.png
548,Chris Rigg,Rigg,Sunderland,https://resources.premierleague.com/premierleague/badges/70/t56.png,Midfielder,2026-27,17,0,0,0,1,0,4900000,
549,Chemsdine Talbi,Talbi,Sunderland,https://resources.premierleague.com/premierleague/badges/70/t56.png,Midfielder,2026-27,31,0,0,0,1,0,5300000,
550,Djiamgone Jocelin Ta Bi,Jocelin.T,Sunderland,https://resources.premierleague.com/premierleague/badges/70/t56.png,Midfielder,2026-27,0,0,0,0,0,0,5000000,
551,Nilson Angulo,N.Angulo,Sunderland,https://resources.premierleague.com/premierleague/badges/70/t56.png,Midfielder,2026-27,313,1,1,1,7,0,5000000,
552,Brian Brobbey,Brobbey,Sunderland,https://resources.premierleague.com/premierleague/badges/70/t56.png,Forward,2026-27,399,3,0,1,9,0,5700000,
553,Wilson Isidor,Isidor,Sunderland,https://resources.premierleague.com/premierleague/badges/70/t56.png,Forward,2026-27,117,1,1,0,3,0,5500000,
612,Dayann Méthalie,Methalie,Sunderland,https://resources.premierleague.com/premierleague/badges/70/t56.png,Defender,2026-27,90,0,0,0,5,0,4500000,
613,Jules Ahoka,Ahoka,Sunderland,https://resources.premierleague.com/premierleague/badges/70/t56.png,Midfielder,2026-27,0,0,0,0,0,0,4500000,
646,Malick Fofana,Fofana,Sunderland,https://resources.premierleague.com/premierleague/badges/70/t56.png,Midfielder,2026-27,60,0,0,0,2,0,5500000,
651,Juan Angulo,J.Angulo,Sunderland,https://resources.premierleague.com/premierleague/badges/70/t56.png,Forward,2026-27,0,0,0,0,0,0,4500000,
